masha_enz_id,a,beta,c,alpha,type,# code,id
1.0,N_Acamar_a_127737_id1,N_Acamar_beta_123957_id1,N_Acamar_c_128434_id1,N_Acamar_alpha_129519_id1,N,Acamar,id1
2.0,F_Acamar_a_862197_id2,F_Acamar_beta_5392528_id2,F_Acamar_c_863050_id2,F_Acamar_alpha_865090_id2,F,Acamar,id2
3.0,F_Acepas_a_2670720_id3,F_Acepas_beta_129533_id3,F_Acepas_c_2670440_id3,F_Acepas_alpha_127058_id3,F,Acepas,id3
4.0,F_Acewoo_a_248453_id4,F_Acewoo_beta_253954_id4,F_Acewoo_c_249734_id4,F_Acewoo_alpha_251414_id4,F,Acewoo,id4
5.0,F_Aceara_a_2337594_id5,F_Aceara_beta_2331624_id5,F_Aceara_c_2336730_id5,F_Aceara_alpha_2334021_id5,F,Aceara,id5
6.0,F_Achlai_a_1010402_id6,F_Achlai_beta_1005328_id6,F_Achlai_c_1010140_id6,F_Achlai_alpha_1007569_id6,F,Achlai,id6
7.0,F_Achxyl_a_389388_id7,F_Achxyl_beta_394415_id7,F_Achxyl_c_390388_id7,F_Achxyl_alpha_391826_id7,F,Achxyl,id7
8.0,N_Aciint_a_1814168_id8,N_Aciint_beta_1808952_id8,N_Aciint_c_1813877_id8,N_Aciint_alpha_1811357_id8,F,Aciint,id8
9.0,F_Acifer_a_1885963_id9,F_Acifer_beta_1880355_id9,F_Acifer_c_1885583_id9,F_Acifer_alpha_1882661_id9,F,Acifer,id9
10.0,F_Acimul_a_561593_id10,F_Acimul_beta_1928269_id10,F_Acimul_c_561287_id10,F_Acimul_alpha_1925810_id10,F,Acimul,id10
11.0,F_Acif01_a_2891836_id11,F_Acif01_beta_2886580_id11,F_Acif01_c_2891540_id11,F_Acif01_alpha_2888907_id11,F,Acif01,id11
12.0,F_Acicel_a_699609_id12,F_Acicel_beta_704826_id12,F_Acicel_c_700464_id12,F_Acicel_alpha_702243_id12,F,Acicel,id12
13.0,F_Aciave_a_471436_id13,F_Aciave_beta_476186_id13,F_Aciave_c_472369_id13,F_Aciave_alpha_473723_id13,F,Aciave,id13
14.0,F_Acibau_a_171530_id14,F_Acibau_beta_176287_id14,F_Acibau_c_172457_id14,F_Acibau_alpha_173765_id14,F,Acibau,id14
15.0,F_Actsui_a_2051630_id15,F_Actsui_beta_2056325_id15,F_Actsui_c_2052537_id15,F_Actsui_alpha_2053881_id15,F,Actsui,id15
16.0,F_Actfri_a_8157876_id16,F_Actfri_beta_8152072_id16,F_Actfri_c_8157581_id16,F_Actfri_alpha_8154447_id16,F,Actfri,id16
17.0,F_Actmir_a_7193254_id17,F_Actmir_beta_7187441_id17,F_Actmir_c_7192943_id17,F_Actmir_alpha_7189816_id17,F,Actmir,id17
18.0,F_Adlequ_a_990204_id18,F_Adlequ_beta_995094_id18,F_Adlequ_c_991132_id18,F_Adlequ_alpha_992586_id18,F,Adlequ,id18
19.0,F_Advkas_a_829813_id19,F_Advkas_beta_834852_id19,F_Advkas_c_830829_id19,F_Advkas_alpha_832276_id19,F,Advkas,id19
20.0,F_Aeqsub_a_1257568_id20,F_Aeqsub_beta_1451189_id20,F_Aeqsub_c_1257303_id20,F_Aeqsub_alpha_1254465_id20,F,Aeqsub,id20
21.0,F_Aersal_a_4660687_id21,F_Aersal_beta_4655456_id21,F_Aersal_c_4660420_id21,F_Aersal_alpha_4657788_id21,F,Aersal,id21
22.0,F_Aggact_a_1158031_id22,F_Aggact_beta_1162663_id22,F_Aggact_c_1158871_id22,F_Aggact_alpha_1160220_id22,F,Aggact,id22
23.0,F_Agrfab_a_715883_id23,F_Agrfab_beta_2604717_id23,F_Agrfab_c_716706_id23,F_Agrfab_alpha_2607105_id23,F,Agrfab,id23
24.0,F_Akkmuc_a_600541_id24,F_Akkmuc_beta_595253_id24,F_Akkmuc_c_600237_id24,F_Akkmuc_alpha_597643_id24,F,Akkmuc,id24
25.0,N_Rhofer_a_1248593_id25,N_Rhofer_beta_1246033_id25,N_Rhofer_c_1249320_id25,N_Rhofer_alpha_1250588_id25,N,Rhofer,id25
26.0,F_Rhofer_a_113596_id26,F_Rhofer_beta_108239_id26,F_Rhofer_c_113294_id26,F_Rhofer_alpha_110641_id26,F,Rhofer,id26
27.0,F_Alcbor_a_3088560_id27,F_Alcbor_beta_3083302_id27,F_Alcbor_c_3088267_id27,F_Alcbor_alpha_3085618_id27,F,Alcbor,id27
28.0,F_Aliden_a_397043_id28,F_Aliden_beta_401795_id28,F_Aliden_c_397958_id28,F_Aliden_alpha_399322_id28,F,Aliden,id28
29.0,F_Aliaci_a_2925731_id29,F_Aliaci_beta_2920404_id29,F_Aliaci_c_2925415_id29,F_Aliaci_alpha_2922782_id29,F,Aliaci,id29
30.0,F_Alisal_a_3319447_id30,F_Alisal_beta_3314149_id30,F_Alisal_c_3319128_id30,F_Alisal_alpha_3316498_id30,F,Alisal,id30
31.0,F_Alkehr_a_3266302_id31,F_Alkehr_beta_3260918_id31,F_Alkehr_c_3265907_id31,F_Alkehr_alpha_3263279_id31,F,Alkehr,id31
32.0,F_Alkmet_a_384556_id32,F_Alkmet_beta_389821_id32,F_Alkmet_c_385990_id32,F_Alkmet_alpha_387378_id32,F,Alkmet,id32
33.0,F_Allvin_a_45063_id33,F_Allvin_beta_50040_id33,F_Allvin_c_46030_id33,F_Allvin_alpha_47396_id33,F,Allvin,id33
34.0,N_Altsn2_a_1600135_id34,N_Altsn2_beta_1601970_id34,N_Altsn2_c_1599857_id34,N_Altsn2_alpha_1597409_id34,N,Altsn2,id34
35.0,F_Altsn2_a_4959410_id35,F_Altsn2_beta_4954123_id35,F_Altsn2_c_4959084_id35,F_Altsn2_alpha_4956465_id35,F,Altsn2,id35
36.0,F_Ammdeg_a_67601_id36,F_Ammdeg_beta_72328_id36,F_Ammdeg_c_68455_id36,F_Ammdeg_alpha_69886_id36,F,Ammdeg,id36
37.0,F_Ampxyl_a_1721097_id37,F_Ampxyl_beta_1715823_id37,F_Ampxyl_c_1720747_id37,F_Ampxyl_alpha_1718112_id37,F,Ampxyl,id37
38.0,F_Amymed_a_8555558_id38,F_Amymed_beta_8549743_id38,F_Amymed_c_8555239_id38,F_Amymed_alpha_8552120_id38,F,Amymed,id38
39.0,F_Amysub_a_3339977_id39,F_Amysub_beta_3334001_id39,F_Amysub_c_3339606_id39,F_Amysub_alpha_3336478_id39,F,Amysub,id39
40.0,F_Anacyl_a_2008758_id40,F_Anacyl_beta_650907_id40,F_Anacyl_c_2009680_id40,F_Anacyl_alpha_2011862_id40,F,Anacyl,id40
41.0,F_Anathe_a_1151674_id41,F_Anathe_beta_1544756_id41,F_Anathe_c_1152743_id41,F_Anathe_alpha_1542157_id41,F,Anathe,id41
42.0,F_Anadeh_a_5009017_id42,F_Anadeh_beta_5017640_id42,F_Anadeh_c_5008714_id42,F_Anadeh_alpha_5020004_id42,F,Anadeh,id42
43.0,F_Anapha_a_1260922_id43,F_Anapha_beta_521127_id43,F_Anapha_c_1260493_id43,F_Anapha_alpha_1399721_id43,F,Anapha,id43
44.0,F_Anofla_a_2697493_id44,F_Anofla_beta_2692099_id44,F_Anofla_c_2697230_id44,F_Anofla_alpha_2694481_id44,F,Anofla,id44
45.0,F_Aquaeo_a_109916_id45,F_Aquaeo_beta_1432768_id45,F_Aquaeo_c_109189_id45,F_Aquaeo_alpha_461663_id45,F,Aquaeo,id45
46.0,F_Archae_a_420805_id46,F_Archae_beta_425866_id46,F_Archae_c_421665_id46,F_Archae_alpha_423296_id46,F,Archae,id46
47.0,F_Arcnit_a_501014_id47,F_Arcnit_beta_2338162_id47,F_Arcnit_c_837789_id47,F_Arcnit_alpha_2340470_id47,F,Arcnit,id47
48.0,F_Aroaro_a_1791985_id48,F_Aroaro_beta_1796662_id48,F_Aroaro_c_1792875_id48,F_Aroaro_alpha_1794206_id48,F,Aroaro,id48
49.0,F_Artchl_a_2631858_id49,F_Artchl_beta_2625894_id49,F_Artchl_c_2631544_id49,F_Artchl_alpha_2628396_id49,F,Artchl,id49
50.0,F_Artpla_a_806161_id50,F_Artpla_beta_3187897_id50,F_Artpla_c_805789_id50,F_Artpla_alpha_802382_id50,F,Artpla,id50
51.0,F_Astexc_a_1167562_id51,F_Astexc_beta_293457_id51,F_Astexc_c_1167287_id51,F_Astexc_alpha_290946_id51,F,Astexc,id51
52.0,F_Atopar_a_1470588_id52,F_Atopar_beta_1465062_id52,F_Atopar_c_1470257_id52,F_Atopar_alpha_1467467_id52,F,Atopar,id52
53.0,F_Azokh3_a_128373_id53,F_Azokh3_beta_133041_id53,F_Azokh3_c_129265_id53,F_Azokh3_alpha_130585_id53,F,Azokh3,id53
54.0,F_Azocau_a_4855742_id54,F_Azocau_beta_4704500_id54,F_Azocau_c_4856544_id54,F_Azocau_alpha_4706882_id54,F,Azocau,id54
55.0,F_Azobra_a_1126834_id55,F_Azobra_beta_846251_id55,F_Azobra_c_1126536_id55,F_Azobra_alpha_843689_id55,F,Azobra,id55
56.0,N_Azovin_a_1960417_id56,N_Azovin_beta_1957994_id56,N_Azovin_c_1961107_id56,N_Azovin_alpha_1962093_id56,N,Azovin,id56
57.0,F_Azovin_a_5334994_id57,F_Azovin_beta_5329709_id57,F_Azovin_c_5334704_id57,F_Azovin_alpha_5332031_id57,F,Azovin,id57
58.0,F_Bacant_a_5043499_id58,F_Bacant_beta_5037806_id58,F_Bacant_c_5043224_id58,F_Bacant_alpha_5040531_id58,F,Bacant,id58
59.0,F_Bachal_a_3880841_id59,F_Bachal_beta_3875285_id59,F_Bachal_c_3880560_id59,F_Bachal_alpha_3877715_id59,F,Bachal,id59
60.0,F_Bacsub_a_3786878_id60,F_Bacsub_beta_3781491_id60,F_Bacsub_c_3786620_id60,F_Bacsub_alpha_3783878_id60,F,Bacsub,id60
61.0,F_Bacthu_a_5450673_id61,F_Bacthu_beta_5444904_id61,F_Bacthu_c_5450398_id61,F_Bacthu_alpha_5447703_id61,F,Bacthu,id61
62.0,F_Bacmar_a_10789_id62,F_Bacmar_beta_3421596_id62,F_Bacmar_c_11642_id62,F_Bacmar_alpha_3423938_id62,F,Bacmar,id62
63.0,F_Bacthe_a_887520_id63,F_Bacthe_beta_885278_id63,F_Bacthe_c_888685_id63,F_Bacthe_alpha_890024_id63,F,Bacthe,id63
64.0,F_Barqui_a_390535_id64,F_Barqui_beta_1431746_id64,F_Barqui_c_391348_id64,F_Barqui_alpha_1434308_id64,F,Barqui,id64
65.0,F_Baucic_a_161326_id65,F_Baucic_beta_156100_id65,F_Baucic_c_161047_id65,F_Baucic_alpha_158429_id65,F,Baucic,id65
66.0,F_Bdebac_a_10271_id66,F_Bdebac_beta_3767478_id66,F_Bdebac_c_10993_id66,F_Bdebac_alpha_3769796_id66,F,Bdebac,id66
67.0,N_Beiind_a_3166281_id67,N_Beiind_beta_3164011_id67,N_Beiind_c_3166970_id67,N_Beiind_alpha_3168020_id67,N,Beiind,id67
68.0,F_Beiind_a_831686_id68,F_Beiind_beta_255157_id68,F_Beiind_c_831399_id68,F_Beiind_alpha_257652_id68,F,Beiind,id68
69.0,F_Belbal_a_695364_id69,F_Belbal_beta_556200_id69,F_Belbal_c_695063_id69,F_Belbal_alpha_692314_id69,F,Belbal,id69
70.0,F_Beucav_a_1478701_id70,F_Beucav_beta_1483929_id70,F_Beucav_c_1479649_id70,F_Beucav_alpha_1481373_id70,F,Beucav,id70
71.0,F_Bibtre_a_13717_id71,F_Bibtre_beta_18394_id71,F_Bibtre_c_14590_id71,F_Bibtre_alpha_15939_id71,F,Bibtre,id71
72.0,F_Biflon_a_354398_id72,F_Biflon_beta_359623_id72,F_Biflon_c_355314_id72,F_Biflon_alpha_357056_id72,F,Biflon,id72
73.0,F_Blasax_a_3790428_id73,F_Blasax_beta_3784448_id73,F_Blasax_c_3790088_id73,F_Blasax_alpha_3786915_id73,F,Blasax,id73
74.0,F_Blabla_a_564344_id74,F_Blabla_beta_75367_id74,F_Blabla_c_564090_id74,F_Blabla_alpha_561440_id74,F,Blabla,id74
75.0,F_Borpet_a_369234_id75,F_Borpet_beta_374271_id75,F_Borpet_c_370228_id75,F_Borpet_alpha_371681_id75,F,Borpet,id75
76.0,F_Brafae_a_2153795_id76,F_Brafae_beta_2147862_id76,F_Brafae_c_2153463_id76,F_Brafae_alpha_2150381_id76,F,Brafae,id76
77.0,F_Braint_a_2828273_id77,F_Braint_beta_1917721_id77,F_Braint_c_2828015_id77,F_Braint_alpha_2824701_id77,F,Braint,id77
78.0,F_Brajap_a_9004043_id78,F_Brajap_beta_423123_id78,F_Brajap_c_9004846_id78,F_Brajap_alpha_425635_id78,F,Brajap,id78
79.0,F_Agroli_a_840124_id79,F_Agroli_beta_451856_id79,F_Agroli_c_839857_id79,F_Agroli_alpha_449190_id79,F,Agroli,id79
80.0,F_Brebre_a_5759434_id80,F_Brebre_beta_5754064_id80,F_Brebre_c_5759155_id80,F_Brebre_alpha_5756460_id80,F,Brebre,id80
81.0,F_Bresub_a_2717370_id81,F_Bresub_beta_121549_id81,F_Bresub_c_2718210_id81,F_Bresub_alpha_119058_id81,F,Bresub,id81
82.0,F_Brumel_a_1589127_id82,F_Brumel_beta_261571_id82,F_Brumel_c_1588832_id82,F_Brumel_alpha_259014_id82,F,Brumel,id82
83.0,F_Bucaph_a_2278_id83,F_Bucaph_beta_6997_id83,F_Bucaph_c_3139_id83,F_Bucaph_alpha_4530_id83,F,Bucaph,id83
84.0,N_Burxen_a_52829_id84,N_Burxen_beta_54525_id84,N_Burxen_c_52584_id84,N_Burxen_alpha_50251_id84,N,Burxen,id84
85.0,N_Burxen_a_2843042_id85,N_Burxen_beta_2844789_id85,N_Burxen_c_2842797_id85,N_Burxen_alpha_2840504_id85,N,Burxen,id85
86.0,F_Burxen_a_4810995_id86,F_Burxen_beta_4805371_id86,F_Burxen_c_4810642_id86,F_Burxen_alpha_4807891_id86,F,Burxen,id86
87.0,N_Butpro_a_1428029_id87,N_Butpro_beta_1432328_id87,N_Butpro_c_1428780_id87,N_Butpro_alpha_1429489_id87,F,Butpro,id87
88.0,F_Butpro_a_200904_id88,F_Butpro_beta_205812_id88,F_Butpro_c_201776_id88,F_Butpro_alpha_203386_id88,F,Butpro,id88
89.0,F_Calsac_a_2118359_id89,F_Calsac_beta_2113108_id89,F_Calsac_c_2118125_id89,F_Calsac_alpha_2115444_id89,F,Calsac,id89
90.0,F_Calaer_a_634795_id90,F_Calaer_beta_629435_id90,F_Calaer_c_634518_id90,F_Calaer_alpha_631886_id90,F,Calaer,id90
91.0,F_Calnit_a_1537351_id91,F_Calnit_beta_1636435_id91,F_Calnit_c_1537006_id91,F_Calnit_alpha_1638738_id91,F,Calnit,id91
92.0,F_Calpcc_a_535812_id92,F_Calpcc_beta_2996556_id92,F_Calpcc_c_536907_id92,F_Calpcc_alpha_539228_id92,F,Calpcc,id92
93.0,F_Camjej_a_1133360_id93,F_Camjej_beta_113912_id93,F_Camjej_c_872516_id93,F_Camjej_alpha_111488_id93,F,Camjej,id93
94.0,N_Accpho_a_3083070_id94,N_Accpho_beta_3080963_id94,N_Accpho_c_3083777_id94,N_Accpho_alpha_3084789_id94,N,Accpho,id94
95.0,F_Accpho_a_4949962_id95,F_Accpho_beta_4944682_id95,F_Accpho_c_4949603_id95,F_Accpho_alpha_4947002_id95,F,Accpho,id95
96.0,F_Amoasi_a_76613_id96,F_Amoasi_beta_1186300_id96,F_Amoasi_c_77699_id96,F_Amoasi_alpha_79134_id96,F,Amoasi,id96
97.0,F_Azopse_a_524672_id97,F_Azopse_beta_153631_id97,F_Azopse_c_524105_id97,F_Azopse_alpha_521464_id97,F,Azopse,id97
98.0,F_Blopen_a_2617_id98,F_Blopen_beta_7302_id98,F_Blopen_c_3466_id98,F_Blopen_alpha_4831_id98,F,Blopen,id98
99.0,F_Chlthe_a_1118234_id99,F_Chlthe_beta_1357556_id99,F_Chlthe_c_1119260_id99,F_Chlthe_alpha_1953796_id99,F,Chlthe,id99
100.0,F_Desaud_a_2260432_id100,F_Desaud_beta_2255057_id100,F_Desaud_c_2260106_id100,F_Desaud_alpha_2257413_id100,F,Desaud,id100
101.0,F_Thal2__a_266872_id101,F_Thal2__beta_621554_id101,F_Thal2__c_266584_id101,F_Thal2__alpha_619037_id101,F,Thal2_,id101
102.0,F_Hamdef_a_2106461_id102,F_Hamdef_beta_2101127_id102,F_Hamdef_c_2106135_id102,F_Hamdef_alpha_2103447_id102,F,Hamdef,id102
103.0,F_Kindes_a_50609_id103,F_Kindes_beta_55435_id103,F_Kindes_c_51545_id103,F_Kindes_alpha_52902_id103,F,Kindes,id103
104.0,F_Korver_a_1577378_id104,F_Korver_beta_5139896_id104,F_Korver_c_1578228_id104,F_Korver_alpha_5142394_id104,F,Korver,id104
105.0,F_Libsol_a_733943_id105,F_Libsol_beta_65644_id105,F_Libsol_c_734766_id105,F_Libsol_alpha_68025_id105,F,Libsol,id105
106.0,F_Metoxy_a_2324809_id106,F_Metoxy_beta_2558651_id106,F_Metoxy_c_2324390_id106,F_Metoxy_alpha_2556153_id106,F,Metoxy,id106
107.0,F_Midmit_a_59072_id107,F_Midmit_beta_1056050_id107,F_Midmit_c_58818_id107,F_Midmit_alpha_1058356_id107,F,Midmit,id107
108.0,F_Nitdef_a_3715983_id108,F_Nitdef_beta_336574_id108,F_Nitdef_c_3715716_id108,F_Nitdef_alpha_334037_id108,F,Nitdef,id108
109.0,F_Pelimc_a_614868_id109,F_Pelimc_beta_442334_id109,F_Pelimc_c_614626_id109,F_Pelimc_alpha_439893_id109,F,Pelimc,id109
110.0,F_Porale_a_34358_id110,F_Porale_beta_38926_id110,F_Porale_c_35220_id110,F_Porale_alpha_36499_id110,F,Porale,id110
111.0,F_Syndia_a_275191_id111,F_Syndia_beta_269799_id111,F_Syndia_c_274859_id111,F_Syndia_alpha_272151_id111,F,Syndia,id111
112.0,F_Proamo_a_2011341_id112,F_Proamo_beta_2006003_id112,F_Proamo_c_2010952_id112,F_Proamo_alpha_2008385_id112,F,Proamo,id112
113.0,F_Punmar_a_1179233_id113,F_Punmar_beta_2047034_id113,F_Punmar_c_1180079_id113,F_Punmar_alpha_2044466_id113,F,Punmar,id113
114.0,F_Rutmag_a_1129535_id114,F_Rutmag_beta_1124365_id114,F_Rutmag_c_1129277_id114,F_Rutmag_alpha_1126643_id114,F,Rutmag,id114
115.0,F_Sacraa_a_607381_id115,F_Sacraa_beta_611892_id115,F_Sacraa_c_608285_id115,F_Sacraa_alpha_609463_id115,F,Sacraa,id115
116.0,F_Sacala_a_882447_id116,F_Sacala_beta_887530_id116,F_Sacala_c_883296_id116,F_Sacala_alpha_884467_id116,F,Sacala,id116
117.0,F_Solusi_a_964329_id117,F_Solusi_beta_569333_id117,F_Solusi_c_965121_id117,F_Solusi_alpha_566934_id117,F,Solusi,id117
118.0,F_Sulmue_a_47456_id118,F_Sulmue_beta_22581_id118,F_Sulmue_c_47149_id118,F_Sulmue_alpha_44542_id118,F,Sulmue,id118
119.0,F_Comcr__a_1927249_id119,F_Comcr__beta_1932314_id119,F_Comcr__c_1928233_id119,F_Comcr__alpha_1929635_id119,F,Comcr_,id119
120.0,F_Vesoku_a_994562_id120,F_Vesoku_beta_989384_id120,F_Vesoku_c_994301_id120,F_Vesoku_alpha_991666_id120,F,Vesoku,id120
121.0,F_Capcan_a_201239_id121,F_Capcan_beta_130781_id121,F_Capcan_c_202408_id121,F_Capcan_alpha_203824_id121,F,Capcan,id121
122.0,F_Carhyd_a_2275127_id122,F_Carhyd_beta_2269930_id122,F_Carhyd_c_2274839_id122,F_Carhyd_alpha_2272237_id122,F,Carhyd,id122
123.0,F_Carcep_a_718215_id123,F_Carcep_beta_180235_id123,F_Carcep_c_719344_id123,F_Carcep_alpha_720745_id123,F,Carcep,id123
124.0,F_Carmal_a_847217_id124,F_Carmal_beta_852000_id124,F_Carmal_c_847998_id124,F_Carmal_alpha_849365_id124,F,Carmal,id124
125.0,F_Cataci_a_1368312_id125,F_Cataci_beta_1373810_id125,F_Cataci_c_1369332_id125,F_Cataci_alpha_1371204_id125,F,Cataci,id125
126.0,F_Caucre_a_389030_id126,F_Caucre_beta_3688538_id126,F_Caucre_c_388756_id126,F_Caucre_alpha_3691115_id126,F,Caucre,id126
127.0,F_Celfim_a_3133449_id127,F_Celfim_beta_3127546_id127,F_Celfim_c_3133102_id127,F_Celfim_alpha_3129993_id127,F,Celfim,id127
128.0,N_Celalg_a_3419228_id128,N_Celalg_beta_3416690_id128,N_Celalg_c_3419922_id128,N_Celalg_alpha_3420974_id128,N,Celalg,id128
129.0,F_Celalg_a_1779617_id129,F_Celalg_beta_1329750_id129,F_Celalg_c_1779390_id129,F_Celalg_alpha_1776616_id129,F,Celalg,id129
130.0,F_Celjap_a_4565371_id130,F_Celjap_beta_4560030_id130,F_Celjap_c_4565087_id130,F_Celjap_alpha_4562445_id130,F,Celjap,id130
131.0,F_Chapcc_a_3247516_id131,F_Chapcc_beta_3682738_id131,F_Chapcc_c_3248414_id131,F_Chapcc_alpha_3250652_id131,F,Chapcc,id131
132.0,F_Chebnc_a_773112_id132,F_Chebnc_beta_3488168_id132,F_Chebnc_c_773914_id132,F_Chebnc_alpha_3485732_id132,F,Chebnc,id132
133.0,F_Chipin_a_1475497_id133,F_Chipin_beta_8849955_id133,F_Chipin_c_1476689_id133,F_Chipin_alpha_1478324_id133,F,Chipin,id133
134.0,N_Chlpar_a_1176106_id134,N_Chlpar_beta_1173563_id134,N_Chlpar_c_1176804_id134,N_Chlpar_alpha_1177857_id134,N,Chlpar,id134
135.0,F_Chlpar_a_2253284_id135,F_Chlpar_beta_49596_id135,F_Chlpar_c_2252925_id135,F_Chlpar_alpha_2108377_id135,F,Chlpar,id135
136.0,F_Chltep_a_967739_id136,F_Chltep_beta_969421_id136,F_Chltep_c_18167_id136,F_Chltep_alpha_1930769_id136,F,Chltep,id136
137.0,F_Chlagg_a_1223682_id137,F_Chlagg_beta_1218330_id137,F_Chlagg_c_1223370_id137,F_Chlagg_alpha_1220699_id137,F,Chlagg,id137
138.0,F_Chltha_a_1610838_id138,F_Chltha_beta_563222_id138,F_Chltha_c_1611936_id138,F_Chltha_alpha_1044659_id138,F,Chltha,id138
139.0,F_Chrvio_a_694608_id139,F_Chrvio_beta_699347_id139,F_Chrvio_c_695485_id139,F_Chrvio_alpha_696854_id139,F,Chrvio,id139
140.0,F_Chrsal_a_3666817_id140,F_Chrsal_beta_3661459_id140,F_Chrsal_c_3666516_id140,F_Chrsal_alpha_3663868_id140,F,Chrsal,id140
141.0,F_Chrthe_a_4863135_id141,F_Chrthe_beta_1972745_id141,F_Chrthe_c_4862782_id141,F_Chrthe_alpha_4859261_id141,F,Chrthe,id141
142.0,F_Chtcal_a_577802_id142,F_Chtcal_beta_663147_id142,F_Chtcal_c_578741_id142,F_Chtcal_alpha_580811_id142,F,Chtcal,id142
143.0,F_Citkos_a_73078_id143,F_Citkos_beta_67836_id143,F_Citkos_c_72791_id143,F_Citkos_alpha_70159_id143,F,Citkos,id143
144.0,F_Clamic_a_2044286_id144,F_Clamic_beta_2038499_id144,F_Clamic_c_2044006_id144,F_Clamic_alpha_2040944_id144,F,Clamic,id144
145.0,N_Clobva_a_631200_id145,N_Clobva_beta_635757_id145,N_Clobva_c_632086_id145,N_Clobva_alpha_632964_id145,F,Clobva,id145
146.0,F_Cloace_a_3004482_id146,F_Cloace_beta_2999272_id146,F_Cloace_c_3004163_id146,F_Cloace_alpha_3001565_id146,F,Cloace,id146
147.0,F_Clobut_a_185798_id147,F_Clobut_beta_190263_id147,F_Clobut_c_186518_id147,F_Clobut_alpha_187865_id147,F,Clobut,id147
148.0,F_Colfun_a_5120762_id148,F_Colfun_beta_5115408_id148,F_Colfun_c_5120425_id148,F_Colfun_alpha_5117748_id148,F,Colfun,id148
149.0,F_Colpsy_a_56819_id149,F_Colpsy_beta_61562_id149,F_Colpsy_c_57703_id149,F_Colpsy_alpha_59019_id149,F,Colpsy,id149
150.0,F_Comtes_a_357758_id150,F_Comtes_beta_362502_id150,F_Comtes_c_358668_id150,F_Comtes_alpha_360023_id150,F,Comtes,id150
151.0,F_Conwoe_a_4929551_id151,F_Conwoe_beta_4924123_id151,F_Conwoe_c_4929260_id151,F_Conwoe_alpha_4926490_id151,F,Conwoe,id151
152.0,F_Copcat_a_769130_id152,F_Copcat_beta_774152_id152,F_Copcat_c_769872_id152,F_Copcat_alpha_771735_id152,F,Copcat,id152
153.0,N_Coppro_a_510741_id153,N_Coppro_beta_514648_id153,N_Coppro_c_511376_id153,N_Coppro_alpha_512369_id153,N,Coppro,id153
154.0,F_Coraka_a_2596158_id154,F_Coraka_beta_2601013_id154,F_Coraka_c_2597114_id154,F_Coraka_alpha_2598509_id154,F,Coraka,id154
155.0,F_Corcor_a_9513810_id155,F_Corcor_beta_9391168_id155,F_Corcor_c_9513437_id155,F_Corcor_alpha_444336_id155,F,Corcor,id155
156.0,F_Corglo_a_212871_id156,F_Corglo_beta_217701_id156,F_Corglo_c_213770_id156,F_Corglo_alpha_215075_id156,F,Corglo,id156
157.0,F_Corglu_a_1273652_id157,F_Corglu_beta_1279156_id157,F_Corglu_c_1274754_id157,F_Corglu_alpha_1276476_id157,F,Corglu,id157
158.0,F_Coxbur_a_165788_id158,F_Coxbur_beta_160302_id158,F_Coxbur_c_165468_id158,F_Coxbur_alpha_162757_id158,F,Coxbur,id158
159.0,F_Criepi_a_2205651_id159,F_Criepi_beta_2424646_id159,F_Criepi_c_2206580_id159,F_Criepi_alpha_2208849_id159,F,Criepi,id159
160.0,F_Croatl_a_699946_id160,F_Croatl_beta_347124_id160,F_Croatl_c_701068_id160,F_Croatl_alpha_702432_id160,F,Croatl,id160
161.0,F_Crotur_a_3588_id161,F_Crotur_beta_8274_id161,F_Crotur_c_4457_id161,F_Crotur_alpha_5792_id161,F,Crotur,id161
162.0,F_Crycur_a_1377102_id162,F_Crycur_beta_1371596_id162,F_Crycur_c_1376763_id162,F_Crycur_alpha_1373975_id162,F,Crycur,id162
163.0,F_Cupnec_a_3740549_id163,F_Cupnec_beta_3735139_id163,F_Cupnec_c_3740221_id163,F_Cupnec_alpha_3737526_id163,F,Cupnec,id163
164.0,F_Cyapcc_a_938675_id164,F_Cyapcc_beta_3948919_id164,F_Cyapcc_c_938197_id164,F_Cyapcc_alpha_934632_id164,F,Cyapcc,id164
165.0,F_Cyagra_a_3005120_id165,F_Cyagra_beta_3073859_id165,F_Cyagra_c_3006004_id165,F_Cyagra_alpha_3007978_id165,F,Cyagra,id165
166.0,F_Cyap01_a_5990919_id166,F_Cyap01_beta_4444309_id166,F_Cyap01_c_5990434_id166,F_Cyap01_alpha_5987155_id166,F,Cyap01,id166
167.0,F_Cycmar_a_1333290_id167,F_Cycmar_beta_2415558_id167,F_Cycmar_c_1332992_id167,F_Cycmar_alpha_1330233_id167,F,Cycmar,id167
168.0,F_Cyczan_a_2565088_id168,F_Cyczan_beta_2559916_id168,F_Cyczan_c_2564813_id168,F_Cyczan_alpha_2562208_id168,F,Cyczan,id168
169.0,F_Cylsta_a_591707_id169,F_Cylsta_beta_5105175_id169,F_Cylsta_c_591300_id169,F_Cylsta_alpha_587783_id169,F,Cylsta,id169
170.0,F_Cythut_a_223686_id170,F_Cythut_beta_403833_id170,F_Cythut_c_224856_id170,F_Cythut_alpha_226248_id170,F,Cythut,id170
171.0,F_Dacsal_a_3702544_id171,F_Dacsal_beta_3641886_id171,F_Dacsal_c_3702179_id171,F_Dacsal_alpha_3698903_id171,F,Dacsal,id171
172.0,F_Decaro_a_4407310_id172,F_Decaro_beta_4411943_id172,F_Decaro_c_4408178_id172,F_Decaro_alpha_4409498_id172,F,Decaro,id172
173.0,F_Decsui_a_868021_id173,F_Decsui_beta_872721_id173,F_Decsui_c_868960_id173,F_Decsui_alpha_870272_id173,F,Decsui,id173
174.0,F_Defdes_a_1765692_id174,F_Defdes_beta_1908760_id174,F_Defdes_c_1765349_id174,F_Defdes_alpha_1911059_id174,F,Defdes,id174
175.0,F_Dehcf__a_2988229_id175,F_Dehcf__beta_2982884_id175,F_Dehcf__c_2987909_id175,F_Dehcf__alpha_2985192_id175,F,Dehcf_,id175
176.0,F_Deheth_a_513919_id176,F_Deheth_beta_518663_id176,F_Deheth_c_514904_id176,F_Deheth_alpha_516254_id176,F,Deheth,id176
177.0,F_Dehlyk_a_507491_id177,F_Dehlyk_beta_512238_id177,F_Dehlyk_c_508489_id177,F_Dehlyk_alpha_509833_id177,F,Dehlyk,id177
178.0,F_Delaci_a_448626_id178,F_Delaci_beta_453375_id178,F_Delaci_c_449541_id178,F_Delaci_alpha_450896_id178,F,Delaci,id178
179.0,F_Denace_a_477631_id179,F_Denace_beta_923399_id179,F_Denace_c_478333_id179,F_Denace_alpha_920978_id179,F,Denace,id179
180.0,F_Desbaa_a_3021981_id180,F_Desbaa_beta_321423_id180,F_Desbaa_c_3022728_id180,F_Desbaa_alpha_318984_id180,F,Desbaa,id180
181.0,F_Desalk_a_3676250_id181,F_Desalk_beta_4592928_id181,F_Desalk_c_3677031_id181,F_Desalk_alpha_4595337_id181,F,Desalk,id181
182.0,F_Deshaf_a_5590398_id182,F_Deshaf_beta_5585043_id182,F_Deshaf_c_5590068_id182,F_Deshaf_alpha_5587379_id182,F,Deshaf,id182
183.0,F_Desace_a_3185882_id183,F_Desace_beta_2731723_id183,F_Desace_c_3186617_id183,F_Desace_alpha_2729263_id183,F,Desace,id183
184.0,N_Desaut_a_1524712_id184,N_Desaut_beta_1526398_id184,N_Desaut_c_1524441_id184,N_Desaut_alpha_1522109_id184,N,Desaut,id184
185.0,F_Desaut_a_2037429_id185,F_Desaut_beta_3979166_id185,F_Desaut_c_2037054_id185,F_Desaut_alpha_3981601_id185,F,Desaut,id185
186.0,F_Destol_a_2136472_id186,F_Destol_beta_2305791_id186,F_Destol_c_2137236_id186,F_Destol_alpha_2303277_id186,F,Destol,id186
187.0,N_Despro_a_1430949_id187,N_Despro_beta_1428541_id187,N_Despro_c_1431654_id187,N_Despro_alpha_1432714_id187,N,Despro,id187
188.0,F_Despro_a_3416904_id188,F_Despro_beta_3049124_id188,F_Despro_c_3417702_id188,F_Despro_alpha_3051492_id188,F,Despro,id188
189.0,N_Dessul_a_1107935_id189,N_Dessul_beta_1109640_id189,N_Dessul_c_1107632_id189,N_Dessul_alpha_1105274_id189,N,Dessul,id189
190.0,F_Dessul_a_1864704_id190,F_Dessul_beta_1909336_id190,F_Dessul_c_1865517_id190,F_Dessul_alpha_1906878_id190,F,Dessul,id190
191.0,F_Desole_a_747140_id191,F_Desole_beta_673501_id191,F_Desole_c_747924_id191,F_Desole_alpha_671006_id191,F,Desole,id191
192.0,F_Desret_a_2375978_id192,F_Desret_beta_2514111_id192,F_Desret_c_2375605_id192,F_Desret_alpha_2516419_id192,F,Desret,id192
193.0,N_Desbac_a_1031935_id193,N_Desbac_beta_1033628_id193,N_Desbac_c_1031622_id193,N_Desbac_alpha_1029021_id193,N,Desbac,id193
194.0,F_Desbac_a_3174395_id194,F_Desbac_beta_3799873_id194,F_Desbac_c_3174011_id194,F_Desbac_alpha_3797458_id194,F,Desbac,id194
195.0,F_Destie_a_1484845_id195,F_Destie_beta_4340098_id195,F_Destie_c_1485591_id195,F_Destie_alpha_4342519_id195,F,Destie,id195
196.0,F_Desori_a_5761017_id196,F_Desori_beta_5755700_id196,F_Desori_c_5760691_id196,F_Desori_alpha_5758006_id196,F,Desori,id196
197.0,F_Despsy_a_916287_id197,F_Despsy_beta_938878_id197,F_Despsy_c_917107_id197,F_Despsy_alpha_936412_id197,F,Despsy,id197
198.0,N_Desgib_a_4229564_id198,N_Desgib_beta_4231505_id198,N_Desgib_c_4229284_id198,N_Desgib_alpha_4226959_id198,N,Desgib,id198
199.0,F_Desgib_a_4681865_id199,F_Desgib_beta_4676323_id199,F_Desgib_c_4681534_id199,F_Desgib_alpha_4678834_id199,F,Desgib,id199
200.0,F_Desvul_a_1010942_id200,F_Desvul_beta_864805_id200,F_Desvul_c_1010558_id200,F_Desvul_alpha_867128_id200,F,Desvul,id200
201.0,F_Desind_a_799169_id201,F_Desind_beta_2477766_id201,F_Desind_c_799904_id201,F_Desind_alpha_2475346_id201,F,Desind,id201
202.0,F_Desa01_a_2953669_id202,F_Desa01_beta_2201888_id202,F_Desa01_c_2954603_id202,F_Desa01_alpha_2204447_id202,F,Desa01,id202
203.0,F_Desthe_a_1403469_id203,F_Desthe_beta_1239958_id203,F_Desthe_c_1403102_id203,F_Desthe_alpha_1237553_id203,F,Desthe,id203
204.0,F_Dicnod_a_1193624_id204,F_Dicnod_beta_1188402_id204,F_Dicnod_c_1193301_id204,F_Dicnod_alpha_1190695_id204,F,Dicnod,id204
205.0,F_Dicdad_a_4918050_id205,F_Dicdad_beta_4912775_id205,F_Dicdad_c_4917761_id205,F_Dicdad_alpha_4915123_id205,F,Dicdad,id205
206.0,N_Dicthe_a_1817917_id206,N_Dicthe_beta_1813113_id206,N_Dicthe_c_1817647_id206,N_Dicthe_alpha_1815356_id206,N,Dicthe,id206
207.0,N_Dinshi_a_429489_id207,N_Dinshi_beta_427117_id207,N_Dinshi_c_430175_id207,N_Dinshi_alpha_431227_id207,N,Dinshi,id207
208.0,F_Dinshi_a_3198004_id208,F_Dinshi_beta_3090391_id208,F_Dinshi_c_3197716_id208,F_Dinshi_alpha_3092718_id208,F,Dinshi,id208
209.0,F_Kro4h3_a_1396682_id209,F_Kro4h3_beta_1058676_id209,F_Kro4h3_c_1397913_id209,F_Kro4h3_alpha_1399357_id209,F,Kro4h3,id209
210.0,F_Dyafer_a_6075752_id210,F_Dyafer_beta_4578848_id210,F_Dyafer_c_6075443_id210,F_Dyafer_alpha_5593053_id210,F,Dyafer,id210
211.0,F_Echvie_a_687067_id211,F_Echvie_beta_2075206_id211,F_Echvie_c_686775_id211,F_Echvie_alpha_684017_id211,F,Echvie,id211
212.0,F_Edwict_a_3784768_id212,F_Edwict_beta_3789470_id212,F_Edwict_c_3785638_id212,F_Edwict_alpha_3786968_id212,F,Edwict,id212
213.0,F_Egglen_a_1256533_id213,F_Egglen_beta_1261417_id213,F_Egglen_c_1257466_id213,F_Egglen_alpha_1258927_id213,F,Egglen,id213
214.0,F_Ehrcha_a_1113510_id214,F_Ehrcha_beta_583023_id214,F_Ehrcha_c_1114311_id214,F_Ehrcha_alpha_120796_id214,F,Ehrcha,id214
215.0,F_Elumin_a_1607879_id215,F_Elumin_beta_1613492_id215,F_Elumin_c_1608661_id215,F_Elumin_alpha_1609945_id215,F,Elumin,id215
216.0,F_Emtoli_a_4792876_id216,F_Emtoli_beta_2006048_id216,F_Emtoli_c_4792529_id216,F_Emtoli_alpha_1539191_id216,F,Emtoli,id216
217.0,F_Entclo_a_5290982_id217,F_Entclo_beta_5295654_id217,F_Entclo_c_5291847_id217,F_Entclo_alpha_5293166_id217,F,Entclo,id217
218.0,F_Entfae_a_2529838_id218,F_Entfae_beta_2524382_id218,F_Entfae_c_2529568_id218,F_Entfae_alpha_2526786_id218,F,Entfae,id218
219.0,F_Erwamy_a_3800943_id219,F_Erwamy_beta_3795518_id219,F_Erwamy_c_3800650_id219,F_Erwamy_alpha_3797972_id219,F,Erwamy,id219
220.0,F_Eryrhu_a_1702175_id220,F_Eryrhu_beta_1706439_id220,F_Eryrhu_c_1702862_id220,F_Eryrhu_alpha_1704233_id220,F,Eryrhu,id220
221.0,F_Erylit_a_1560548_id221,F_Erylit_beta_1789933_id221,F_Erylit_c_1560276_id221,F_Erylit_alpha_1787035_id221,F,Erylit,id221
223.0,F_Eximh3_a_2767101_id223,F_Eximh3_beta_2761742_id223,F_Eximh3_c_2766813_id223,F_Eximh3_alpha_2764091_id223,F,Eximh3,id223
224.0,N_Faepra_a_91492_id224,N_Faepra_beta_96463_id224,N_Faepra_c_92850_id224,N_Faepra_alpha_93573_id224,F,Faepra,id224
225.0,F_Faepra_a_1429941_id225,F_Faepra_beta_1434855_id225,F_Faepra_c_1430738_id225,F_Faepra_alpha_1432291_id225,F,Faepra,id225
226.0,F_Ferbal_a_4268451_id226,F_Ferbal_beta_4263224_id226,F_Ferbal_c_4268178_id226,F_Ferbal_alpha_4265524_id226,F,Ferbal,id226
227.0,F_Ferpen_a_692790_id227,F_Ferpen_beta_687607_id227,F_Ferpen_c_692481_id227,F_Ferpen_alpha_689915_id227,F,Ferpen,id227
228.0,F_Fibaes_a_5546675_id228,F_Fibaes_beta_6638422_id228,F_Fibaes_c_5546367_id228,F_Fibaes_alpha_1659109_id228,F,Fibaes,id228
229.0,F_Filalo_a_936486_id229,F_Filalo_beta_930619_id229,F_Filalo_c_935551_id229,F_Filalo_alpha_932927_id229,F,Filalo,id229
230.0,F_Flajoh_a_1199003_id230,F_Flajoh_beta_925286_id230,F_Flajoh_c_1200212_id230,F_Flajoh_alpha_1201575_id230,F,Flajoh,id230
231.0,F_Flelit_a_3558472_id231,F_Flelit_beta_770204_id231,F_Flelit_c_3557974_id231,F_Flelit_alpha_3554810_id231,F,Flelit,id231
232.0,F_Flesin_a_514480_id232,F_Flesin_beta_1808626_id232,F_Flesin_c_515179_id232,F_Flesin_alpha_1810936_id232,F,Flesin,id232
233.0,F_Flutaf_a_1303840_id233,F_Flutaf_beta_1250007_id233,F_Flutaf_c_1303593_id233,F_Flutaf_alpha_1300818_id233,F,Flutaf,id233
234.0,F_Fratul_a_60111_id234,F_Fratul_beta_64799_id234,F_Fratul_c_60953_id234,F_Fratul_alpha_62337_id234,F,Fratul,id234
235.0,F_Fraean_a_1199121_id235,F_Fraean_beta_1204613_id235,F_Fraean_c_1200078_id235,F_Fraean_alpha_1201863_id235,F,Fraean,id235
236.0,F_Fradat_a_4515137_id236,F_Fradat_beta_4509060_id236,F_Fradat_c_4514827_id236,F_Fradat_alpha_4511645_id236,F,Fradat,id236
237.0,F_Fraaur_a_236297_id237,F_Fraaur_beta_241173_id237,F_Fraaur_c_237153_id237,F_Fraaur_alpha_238576_id237,F,Fraaur,id237
238.0,F_Fusnuc_a_993846_id238,F_Fusnuc_beta_988375_id238,F_Fusnuc_c_993523_id238,F_Fusnuc_alpha_990943_id238,F,Fusnuc,id238
239.0,F_Galana_a_1302419_id239,F_Galana_beta_1297191_id239,F_Galana_c_1302108_id239,F_Galana_alpha_1299479_id239,F,Galana,id239
240.0,F_Galcap_a_3153225_id240,F_Galcap_beta_3147868_id240,F_Galcap_c_3152892_id240,F_Galcap_alpha_3150266_id240,F,Galcap,id240
241.0,F_Garvag_a_7502_id241,F_Garvag_beta_1737_id241,F_Garvag_c_7178_id241,F_Garvag_alpha_4239_id241,F,Garvag,id241
242.0,N_Geipcc_a_2243403_id242,N_Geipcc_beta_2245307_id242,N_Geipcc_c_2243141_id242,N_Geipcc_alpha_2240823_id242,N,Geipcc,id242
243.0,F_Geipcc_a_2890765_id243,F_Geipcc_beta_2826825_id243,F_Geipcc_c_2890362_id243,F_Geipcc_alpha_2886907_id243,F,Geipcc,id243
244.0,F_Gemaur_a_2917087_id244,F_Gemaur_beta_846656_id244,F_Gemaur_c_2916640_id244,F_Gemaur_alpha_844173_id244,F,Gemaur,id244
245.0,F_Geothe_a_3471338_id245,F_Geothe_beta_3465954_id245,F_Geothe_c_3471048_id245,F_Geothe_alpha_3468328_id245,F,Geothe,id245
246.0,F_Geomet_a_3774852_id246,F_Geomet_beta_3820820_id246,F_Geomet_c_3775596_id246,F_Geomet_alpha_3823176_id246,F,Geomet,id246
247.0,F_Geoobs_a_4354536_id247,F_Geoobs_beta_4348545_id247,F_Geoobs_c_4354241_id247,F_Geoobs_alpha_4351042_id247,F,Geoobs,id247
248.0,F_Glapsy_a_5398516_id248,F_Glapsy_beta_5393190_id248,F_Glapsy_c_5398156_id248,F_Glapsy_alpha_5395540_id248,F,Glapsy,id248
249.0,F_Glovio_a_3104880_id249,F_Glovio_beta_2721176_id249,F_Glovio_c_3104582_id249,F_Glovio_alpha_3101389_id249,F,Glovio,id249
250.0,F_Glopcc_a_1159598_id250,F_Glopcc_beta_5409844_id250,F_Glopcc_c_1160472_id250,F_Glopcc_alpha_1162651_id250,F,Glopcc,id250
251.0,F_Gludia_a_1176084_id251,F_Gludia_beta_707517_id251,F_Gludia_c_1175804_id251,F_Gludia_alpha_705042_id251,F,Gludia,id251
252.0,F_Gluoxy_a_1018996_id252,F_Gluoxy_beta_828051_id252,F_Gluoxy_c_1019810_id252,F_Gluoxy_alpha_830436_id252,F,Gluoxy,id252
253.0,F_Gorktr_a_2108359_id253,F_Gorktr_beta_2114219_id253,F_Gorktr_c_2109245_id253,F_Gorktr_alpha_2111551_id253,F,Gorktr,id253
254.0,F_Grafor_a_3429926_id254,F_Grafor_beta_3713434_id254,F_Grafor_c_3429680_id254,F_Grafor_alpha_3426918_id254,F,Grafor,id254
255.0,F_Grabet_a_2107256_id255,F_Grabet_beta_2298811_id255,F_Grabet_c_2108065_id255,F_Grabet_alpha_2301185_id255,F,Grabet,id255
256.0,F_Gramal_a_1604032_id256,F_Gramal_beta_2424691_id256,F_Gramal_c_1604896_id256,F_Gramal_alpha_2421938_id256,F,Gramal,id256
257.0,N_Acimp5_a_2965419_id257,N_Acimp5_beta_2967146_id257,N_Acimp5_c_2965120_id257,N_Acimp5_alpha_2962766_id257,N,Acimp5,id257
258.0,F_Acimp5_a_2811940_id258,F_Acimp5_beta_1352866_id258,F_Acimp5_c_2811457_id258,F_Acimp5_alpha_1350188_id258,F,Acimp5,id258
259.0,F_Haeinf_a_505478_id259,F_Haeinf_beta_500273_id259,F_Haeinf_c_505168_id259,F_Haeinf_alpha_502548_id259,F,Haeinf,id259
260.0,N_Hahche_a_916236_id260,N_Hahche_beta_917648_id260,N_Hahche_c_915964_id260,N_Hahche_alpha_913710_id260,N,Hahche,id260
261.0,F_Hahche_a_7202545_id261,F_Hahche_beta_7197139_id261,F_Hahche_c_7202221_id261,F_Hahche_alpha_7199538_id261,F,Hahche,id261
262.0,F_Halhyd_a_456723_id262,F_Halhyd_beta_462304_id262,F_Halhyd_c_458207_id262,F_Halhyd_alpha_459788_id262,F,Halhyd,id262
263.0,F_Haloch_a_6118911_id263,F_Haloch_beta_8304528_id263,F_Haloch_c_6118478_id263,F_Haloch_alpha_8306925_id263,F,Haloch,id263
264.0,F_Halh01_a_4105289_id264,F_Halh01_beta_3931487_id264,F_Halh01_c_4106582_id264,F_Halh01_alpha_4108282_id264,F,Halh01,id264
265.0,F_Halhal_a_3536768_id265,F_Halhal_beta_3531331_id265,F_Halhal_c_3536505_id265,F_Halhal_alpha_3533682_id265,F,Halhal,id265
266.0,F_Halh02_a_2476883_id266,F_Halh02_beta_2470947_id266,F_Halh02_c_2476015_id266,F_Halh02_alpha_2473327_id266,F,Halh02,id266
267.0,F_Halelo_a_4037610_id267,F_Halelo_beta_4032278_id267,F_Halelo_c_4037304_id267,F_Halelo_alpha_4034657_id267,F,Halelo,id267
268.0,F_Halh03_a_2675388_id268,F_Halh03_beta_2670068_id268,F_Halh03_c_2675060_id268,F_Halh03_alpha_2672442_id268,F,Halh03,id268
269.0,N_Halpcc_a_2761695_id269,N_Halpcc_beta_2763431_id269,N_Halpcc_c_2761412_id269,N_Halpcc_alpha_2758930_id269,N,Halpcc,id269
270.0,F_Halpcc_a_464794_id270,F_Halpcc_beta_2155065_id270,F_Halpcc_c_465666_id270,F_Halpcc_alpha_467686_id270,F,Halpcc,id270
271.0,F_Halore_a_1913261_id271,F_Halore_beta_1907634_id271,F_Halore_c_1912922_id271,F_Halore_alpha_1910056_id271,F,Halore,id271
272.0,F_Halnea_a_2502322_id272,F_Halnea_beta_2497014_id272,F_Halnea_c_2501985_id272,F_Halnea_alpha_2499320_id272,F,Halnea,id272
273.0,F_Halh04_a_70990_id273,F_Halh04_beta_65639_id273,F_Halh04_c_70700_id273,F_Halh04_alpha_67989_id273,F,Halh04,id273
274.0,F_Helpyl_a_879976_id274,F_Helpyl_beta_1194288_id274,F_Helpyl_c_1288088_id274,F_Helpyl_alpha_1196640_id274,F,Helpyl,id274
275.0,F_Helmod_a_891471_id275,F_Helmod_beta_886040_id275,F_Helmod_c_891148_id275,F_Helmod_alpha_888425_id275,F,Helmod,id275
276.0,F_Herser_a_4998998_id276,F_Herser_beta_4993649_id276,F_Herser_c_4998677_id276,F_Herser_alpha_4996010_id276,F,Herser,id276
277.0,F_Herars_a_3363255_id277,F_Herars_beta_3357892_id277,F_Herars_c_3362917_id277,F_Herars_alpha_3360259_id277,F,Herars,id277
278.0,F_Heraur_a_5193253_id278,F_Heraur_beta_5198044_id278,F_Heraur_c_5194255_id278,F_Heraur_alpha_5195478_id278,F,Heraur,id278
279.0,F_Hipmar_a_840304_id279,F_Hipmar_beta_982972_id279,F_Hipmar_c_841017_id279,F_Hipmar_alpha_985290_id279,F,Hipmar,id279
280.0,F_Hirbal_a_1128415_id280,F_Hirbal_beta_166271_id280,F_Hirbal_c_1128110_id280,F_Hirbal_alpha_163802_id280,F,Hirbal,id280
281.0,F_Hydthe_a_1257171_id281,F_Hydthe_beta_181937_id281,F_Hydthe_c_1257862_id281,F_Hydthe_alpha_255324_id281,F,Hydthe,id281
282.0,F_Hydy04_a_826374_id282,F_Hydy04_beta_955401_id282,F_Hydy04_c_827447_id282,F_Hydy04_alpha_949312_id282,F,Hydy04,id282
283.0,N_Hypmc1_a_2310165_id283,N_Hypmc1_beta_2307787_id283,N_Hypmc1_c_2310857_id283,N_Hypmc1_alpha_2311820_id283,N,Hypmc1,id283
284.0,F_Hypmc1_a_4020138_id284,F_Hypmc1_beta_4530177_id284,F_Hypmc1_c_4020980_id284,F_Hypmc1_alpha_4527293_id284,F,Hypmc1,id284
285.0,F_Hypnep_a_1990559_id285,F_Hypnep_beta_1957979_id285,F_Hypnep_c_1991437_id285,F_Hypnep_alpha_1960367_id285,F,Hypnep,id285
286.0,F_Idiloi_a_2825738_id286,F_Idiloi_beta_2820455_id286,F_Idiloi_c_2825416_id286,F_Idiloi_alpha_2822801_id286,F,Idiloi,id286
287.0,F_Ignalb_a_862321_id287,F_Ignalb_beta_1860611_id287,F_Ignalb_c_863194_id287,F_Ignalb_alpha_864589_id287,F,Ignalb,id287
288.0,F_Aciym1_a_1189317_id288,F_Aciym1_beta_1195375_id288,F_Aciym1_c_1190166_id288,F_Aciym1_alpha_1192272_id288,F,Aciym1,id288
289.0,F_Ilypol_a_231024_id289,F_Ilypol_beta_235786_id289,F_Ilypol_c_231934_id289,F_Ilypol_alpha_233370_id289,F,Ilypol,id289
290.0,F_Intcal_a_2728625_id290,F_Intcal_beta_2722476_id290,F_Intcal_c_2728319_id290,F_Intcal_alpha_2725108_id290,F,Intcal,id290
291.0,F_Isovar_a_2511521_id291,F_Isovar_beta_2505623_id291,F_Isovar_c_2511182_id291,F_Isovar_alpha_2508073_id291,F,Isovar,id291
292.0,F_Isopal_a_786854_id292,F_Isopal_beta_780249_id292,F_Isopal_c_786158_id292,F_Isopal_alpha_782955_id292,F,Isopal,id292
293.0,F_Janccs_a_728398_id293,F_Janccs_beta_1003869_id293,F_Janccs_c_729334_id293,F_Janccs_alpha_1001410_id293,F,Janccs,id293
294.0,F_Janmar_a_4032303_id294,F_Janmar_beta_4026939_id294,F_Janmar_c_4031976_id294,F_Janmar_alpha_4029313_id294,F,Janmar,id294
295.0,F_Jonden_a_1942558_id295,F_Jonden_beta_1936581_id295,F_Jonden_c_1942169_id295,F_Jonden_alpha_1939058_id295,F,Jonden,id295
296.0,F_Kankor_a_2838122_id296,F_Kankor_beta_2832763_id296,F_Kankor_c_2837749_id296,F_Kankor_alpha_2835120_id296,F,Kankor,id296
297.0,F_Ketvul_a_90501_id297,F_Ketvul_beta_906434_id297,F_Ketvul_c_91302_id297,F_Ketvul_alpha_903982_id297,F,Ketvul,id297
298.0,F_Kinrad_a_976968_id298,F_Kinrad_beta_970989_id298,F_Kinrad_c_976679_id298,F_Kinrad_alpha_973477_id298,F,Kinrad,id298
299.0,F_Kitset_a_5550431_id299,F_Kitset_beta_5555643_id299,F_Kitset_c_5551325_id299,F_Kitset_alpha_5553118_id299,F,Kitset,id299
300.0,F_Klepne_a_5610622_id300,F_Klepne_beta_5615289_id300,F_Klepne_c_5611486_id300,F_Klepne_alpha_5612807_id300,F,Klepne,id300
301.0,F_Kocrhi_a_1065816_id301,F_Kocrhi_beta_1071143_id301,F_Kocrhi_c_1066722_id301,F_Kocrhi_alpha_1068506_id301,F,Kocrhi,id301
302.0,F_Kosole_a_252172_id302,F_Kosole_beta_246992_id302,F_Kosole_c_251891_id302,F_Kosole_alpha_249309_id302,F,Kosole,id302
303.0,F_Krifla_a_5449669_id303,F_Krifla_beta_5443868_id303,F_Krifla_c_5449366_id303,F_Krifla_alpha_5446246_id303,F,Krifla,id303
304.0,F_Kyrtus_a_3304101_id304,F_Kyrtus_beta_3298871_id304,F_Kyrtus_c_3303828_id304,F_Kyrtus_alpha_3301199_id304,F,Kyrtus,id304
305.0,F_Kytsed_a_1899303_id305,F_Kytsed_beta_1893180_id305,F_Kytsed_c_1898966_id305,F_Kytsed_alpha_1895776_id305,F,Kytsed,id305
306.0,F_Lac5h3_a_1235518_id306,F_Lac5h3_beta_963767_id306,F_Lac5h3_c_1236703_id306,F_Lac5h3_alpha_1238160_id306,F,Lac5h3,id306
307.0,F_Lacpla_a_2382418_id307,F_Lacpla_beta_2377119_id307,F_Lacpla_c_2382168_id307,F_Lacpla_alpha_2379521_id307,F,Lacpla,id307
308.0,F_Laclac_a_1828378_id308,F_Laclac_beta_1823212_id308,F_Laclac_c_1829136_id308,F_Laclac_alpha_1825639_id308,F,Laclac,id308
309.0,F_Larhon_a_2921221_id309,F_Larhon_beta_2915909_id309,F_Larhon_c_2920841_id309,F_Larhon_alpha_2918224_id309,F,Larhon,id309
310.0,F_Lawint_a_1302139_id310,F_Lawint_beta_494514_id310,F_Lawint_c_1302900_id310,F_Lawint_alpha_492096_id310,F,Lawint,id310
311.0,F_Leabys_a_4058143_id311,F_Leabys_beta_3104496_id311,F_Leabys_c_4057798_id311,F_Leabys_alpha_1679536_id311,F,Leabys,id311
312.0,N_Legpne_a_2278995_id312,N_Legpne_beta_2276695_id312,N_Legpne_c_2279498_id312,N_Legpne_alpha_2280509_id312,N,Legpne,id312
313.0,F_Legpne_a_16391_id313,F_Legpne_beta_21140_id313,F_Legpne_c_17259_id313,F_Legpne_alpha_18618_id313,F,Legpne,id313
314.0,F_Leixyl_a_1912396_id314,F_Leixyl_beta_1906636_id314,F_Leixyl_c_1912123_id314,F_Leixyl_alpha_1909063_id314,F,Leixyl,id314
315.0,F_Leimet_a_109516_id315,F_Leimet_beta_924136_id315,F_Leimet_c_110401_id315,F_Leimet_alpha_921685_id315,F,Leimet,id315
316.0,F_Leppcc_a_4904454_id316,F_Leppcc_beta_4444065_id316,F_Leppcc_c_4904017_id316,F_Leppcc_alpha_4900530_id316,F,Leppcc,id316
317.0,F_Lepfer_a_78348_id317,F_Lepfer_beta_82941_id317,F_Lepfer_c_79113_id317,F_Lepfer_alpha_80494_id317,F,Lepfer,id317
318.0,F_Lepcho_a_3950713_id318,F_Lepcho_beta_3945218_id318,F_Lepcho_c_3950393_id318,F_Lepcho_alpha_3947691_id318,F,Lepcho,id318
319.0,F_Lepbuc_a_703016_id319,F_Lepbuc_beta_708928_id319,F_Lepbuc_c_703962_id319,F_Lepbuc_alpha_706486_id319,F,Lepbuc,id319
320.0,F_Leukim_a_1231791_id320,F_Leukim_beta_1236744_id320,F_Leukim_c_1232676_id320,F_Leukim_alpha_1234006_id320,F,Leukim,id320
321.0,F_Lisinn_a_2695917_id321,F_Lisinn_beta_2690558_id321,F_Lisinn_c_2695627_id321,F_Lisinn_alpha_2692950_id321,F,Lisinn,id321
322.0,F_Lisang_a_231663_id322,F_Lisang_beta_236421_id322,F_Lisang_c_232539_id322,F_Lisang_alpha_233885_id322,F,Lisang,id322
323.0,F_Lyssph_a_1067319_id323,F_Lyssph_beta_1072036_id323,F_Lyssph_c_1068093_id323,F_Lyssph_alpha_1069574_id323,F,Lyssph,id323
324.0,F_Maccas_a_1901170_id324,F_Maccas_beta_1895909_id324,F_Maccas_c_1900910_id324,F_Maccas_alpha_1898241_id324,F,Maccas,id324
325.0,F_Magmc1_a_4612719_id325,F_Magmc1_beta_4318894_id325,F_Magmc1_c_4613610_id325,F_Magmc1_alpha_4321266_id325,F,Magmc1,id325
326.0,F_Magmag_a_4403851_id326,F_Magmag_beta_4544377_id326,F_Magmag_c_4404672_id326,F_Magmag_alpha_4546729_id326,F,Magmag,id326
327.0,F_Mahaus_a_430914_id327,F_Mahaus_beta_425784_id327,F_Mahaus_c_430682_id327,F_Mahaus_alpha_428064_id327,F,Mahaus,id327
328.0,F_Manhae_a_541550_id328,F_Manhae_beta_546255_id328,F_Manhae_c_542456_id328,F_Manhae_alpha_543801_id328,F,Manhae,id328
329.0,F_Marmar_a_2404847_id329,F_Marmar_beta_3088117_id329,F_Marmar_c_2405681_id329,F_Marmar_alpha_3090495_id329,F,Marmar,id329
330.0,F_Marpie_a_1657060_id330,F_Marpie_beta_1661710_id330,F_Marpie_c_1657927_id330,F_Marpie_alpha_1659317_id330,F,Marpie,id330
331.0,N_Maradh_a_4224410_id331,N_Maradh_beta_4222027_id331,N_Maradh_c_4225096_id331,N_Maradh_alpha_4226165_id331,N,Maradh,id331
332.0,F_Maradh_a_3884298_id332,F_Maradh_beta_3878911_id332,F_Maradh_c_3883965_id332,F_Maradh_alpha_3881300_id332,F,Maradh,id332
333.0,N_Marmwy_a_2222368_id333,N_Marmwy_beta_2219788_id333,N_Marmwy_c_2223117_id333,N_Marmwy_alpha_2224211_id333,N,Marmwy,id333
334.0,F_Marmwy_a_5079642_id334,F_Marmwy_beta_5074311_id334,F_Marmwy_c_5079319_id334,F_Marmwy_alpha_5076660_id334,F,Marmwy,id334
335.0,F_Martra_a_3028423_id335,F_Martra_beta_3125314_id335,F_Martra_c_3029553_id335,F_Martra_alpha_3030923_id335,F,Martra,id335
336.0,F_Megels_a_2096987_id336,F_Megels_beta_2091717_id336,F_Megels_c_2096687_id336,F_Megels_alpha_2094045_id336,F,Megels,id336
337.0,F_Melros_a_313594_id337,F_Melros_beta_2780206_id337,F_Melros_c_313346_id337,F_Melros_alpha_310637_id337,F,Melros,id337
338.0,F_Melplu_a_1614104_id338,F_Melplu_beta_1608688_id338,F_Melplu_c_1613856_id338,F_Melplu_alpha_1611074_id338,F,Melplu,id338
339.0,F_Mesflo_a_139500_id339,F_Mesflo_beta_144257_id339,F_Mesflo_c_140380_id339,F_Mesflo_alpha_141825_id339,F,Mesflo,id339
340.0,F_Meslot_a_6126644_id340,F_Meslot_beta_3245449_id340,F_Meslot_c_6127467_id340,F_Meslot_alpha_3248017_id340,F,Meslot,id340
341.0,F_Mespri_a_1114131_id341,F_Mespri_beta_1109014_id341,F_Mespri_c_1113873_id341,F_Mespri_alpha_1111296_id341,F,Mespri,id341
342.0,N_Metace_a_3026081_id342,N_Metace_beta_3027799_id342,N_Metace_c_3025767_id342,N_Metace_alpha_3023142_id342,N,Metace,id342
343.0,N_Metinf_a_803131_id343,N_Metinf_beta_800951_id343,N_Metinf_c_803798_id343,N_Metinf_alpha_804841_id343,N,Metinf,id343
344.0,F_Metinf_a_2234822_id344,F_Metinf_beta_2239672_id344,F_Metinf_c_2235959_id344,F_Metinf_alpha_2237196_id344,F,Metinf,id344
345.0,F_Metp01_a_207064_id345,F_Metp01_beta_211899_id345,F_Metp01_c_207998_id345,F_Metp01_alpha_209381_id345,F,Metp01,id345
346.0,F_Metfla_a_2960594_id346,F_Metfla_beta_2955177_id346,F_Metfla_c_2960254_id346,F_Metfla_alpha_2957601_id346,F,Metfla,id346
347.0,F_Metnod_a_7755980_id347,F_Metnod_beta_7463863_id347,F_Metnod_c_7756852_id347,F_Metnod_alpha_7466250_id347,F,Metnod,id347
348.0,F_Metsil_a_4183141_id348,F_Metsil_beta_382551_id348,F_Metsil_c_4182861_id348,F_Metsil_alpha_380063_id348,F,Metsil,id348
349.0,N_Metcap_a_2885569_id349,N_Metcap_beta_1656884_id349,N_Metcap_c_2886252_id349,N_Metcap_alpha_2891837_id349,N,Metcap,id349
350.0,F_Metcap_a_4667_id350,F_Metcap_beta_9293_id350,F_Metcap_c_5502_id350,F_Metcap_alpha_6842_id350,F,Metcap,id350
351.0,F_Metsc2_a_3129223_id351,F_Metsc2_beta_3432957_id351,F_Metsc2_c_3130036_id351,F_Metsc2_alpha_3435362_id351,F,Metsc2,id351
352.0,N_Metalc_a_4315603_id352,N_Metalc_beta_4313178_id352,N_Metalc_c_4316549_id352,N_Metalc_alpha_4317625_id352,N,Metalc,id352
353.0,F_Metalc_a_356798_id353,F_Metalc_beta_361445_id353,F_Metalc_c_357617_id353,F_Metalc_alpha_358979_id353,F,Metalc,id353
354.0,N_Metmet_a_534796_id354,N_Metmet_beta_536469_id354,N_Metmet_c_534507_id354,N_Metmet_alpha_532222_id354,N,Metmet,id354
355.0,N_Metmet_a_907408_id355,N_Metmet_beta_905346_id355,N_Metmet_c_908097_id355,N_Metmet_alpha_911242_id355,N,Metmet,id355
356.0,F_Metmet_a_4948936_id356,F_Metmet_beta_4943624_id356,F_Metmet_c_4948601_id356,F_Metmet_alpha_4945918_id356,F,Metmet,id356
357.0,F_Metjam_a_236884_id357,F_Metjam_beta_231660_id357,F_Metjam_c_236593_id357,F_Metjam_alpha_233968_id357,F,Metjam,id357
358.0,F_Met301_a_3048235_id358,F_Met301_beta_3042851_id358,F_Met301_c_3047890_id358,F_Met301_alpha_3045237_id358,F,Met301,id358
359.0,F_Metglu_a_2985950_id359,F_Metglu_beta_2980658_id359,F_Metglu_c_2985622_id359,F_Metglu_alpha_2983009_id359,F,Metglu,id359
360.0,F_Micaer_a_1173140_id360,F_Micaer_beta_671813_id360,F_Micaer_c_1172843_id360,F_Micaer_alpha_668691_id360,F,Micaer,id360
361.0,F_Mictes_a_426647_id361,F_Mictes_beta_420878_id361,F_Mictes_c_426368_id361,F_Mictes_alpha_423273_id361,F,Mictes,id361
362.0,F_Miclut_a_877857_id362,F_Miclut_beta_883230_id362,F_Miclut_c_878808_id362,F_Miclut_alpha_880532_id362,F,Miclut,id362
363.0,F_Micpcc_a_3726487_id363,F_Micpcc_beta_3163834_id363,F_Micpcc_c_3726118_id363,F_Micpcc_alpha_3722321_id363,F,Micpcc,id363
364.0,F_Mica01_a_4588543_id364,F_Mica01_beta_71388_id364,F_Mica01_c_4589523_id364,F_Mica01_alpha_4591724_id364,F,Mica01,id364
365.0,F_Micpho_a_3245913_id365,F_Micpho_beta_3240115_id365,F_Micpho_c_3245605_id365,F_Micpho_alpha_3242568_id365,F,Micpho,id365
366.0,F_Micaur_a_5775120_id366,F_Micaur_beta_5769311_id366,F_Micaur_c_5774816_id366,F_Micaur_alpha_5771690_id366,F,Micaur,id366
367.0,F_Mobcur_a_1279778_id367,F_Mobcur_beta_1285005_id367,F_Mobcur_c_1280664_id367,F_Mobcur_alpha_1282340_id367,F,Mobcur,id367
368.0,F_Modmar_a_4541073_id368,F_Modmar_beta_4535085_id368,F_Modmar_c_4540754_id368,F_Modmar_alpha_4537595_id368,F,Modmar,id368
369.0,F_Moothe_a_2508337_id369,F_Moothe_beta_2503058_id369,F_Moothe_c_2508019_id369,F_Moothe_alpha_2505324_id369,F,Moothe,id369
370.0,F_Morcat_a_391951_id370,F_Morcat_beta_397213_id370,F_Morcat_c_392869_id370,F_Morcat_alpha_394265_id370,F,Morcat,id370
371.0,F_Mormor_a_521755_id371,F_Mormor_beta_526451_id371,F_Mormor_c_522628_id371,F_Mormor_alpha_523957_id371,F,Mormor,id371
372.0,F_Murrue_a_1520300_id372,F_Murrue_beta_1184311_id372,F_Murrue_c_1521505_id372,F_Murrue_alpha_1522824_id372,F,Murrue,id372
373.0,F_Myclep_a_1330420_id373,F_Myclep_beta_1336075_id373,F_Myclep_c_1331271_id373,F_Myclep_alpha_1333458_id373,F,Myclep,id373
374.0,F_Myctub_a_1460244_id374,F_Myctub_beta_1465841_id374,F_Myctub_c_1461045_id374,F_Myctub_alpha_1463228_id374,F,Myctub,id374
375.0,F_Mycgen_a_508134_id375,F_Mycgen_beta_502828_id375,F_Mycgen_c_507823_id375,F_Mycgen_alpha_505099_id375,F,Mycgen,id375
376.0,F_Mycpne_a_724848_id376,F_Mycpne_beta_719548_id376,F_Mycpne_c_724528_id376,F_Mycpne_alpha_721814_id376,F,Mycpne,id376
377.0,F_Myxxan_a_463924_id377,F_Myxxan_beta_8474315_id377,F_Myxxan_c_464980_id377,F_Myxxan_alpha_8601611_id377,F,Myxxan,id377
378.0,F_Nakmul_a_2338517_id378,F_Nakmul_beta_2343776_id378,F_Nakmul_c_2339454_id378,F_Nakmul_alpha_2341156_id378,F,Nakmul,id378
379.0,F_Natthe_a_3083481_id379,F_Natthe_beta_3077485_id379,F_Natthe_c_3082528_id379,F_Natthe_alpha_3079948_id379,F,Natthe,id379
380.0,F_Naupro_a_1377696_id380,F_Naupro_beta_279068_id380,F_Naupro_c_948797_id380,F_Naupro_alpha_276677_id380,F,Naupro,id380
381.0,F_Neimen_a_2037382_id381,F_Neimen_beta_2032117_id381,F_Neimen_c_2037089_id381,F_Neimen_alpha_2034452_id381,F,Neimen,id381
382.0,F_Neosen_a_323162_id382,F_Neosen_beta_679044_id382,F_Neosen_c_323916_id382,F_Neosen_alpha_107976_id382,F,Neosen,id382
383.0,F_Niakor_a_8449472_id383,F_Niakor_beta_6874527_id383,F_Niakor_c_8450684_id383,F_Niakor_alpha_8452291_id383,F,Niakor,id383
384.0,F_Nitsal_a_709958_id384,F_Nitsal_beta_459798_id384,F_Nitsal_c_474936_id384,F_Nitsal_alpha_457365_id384,F,Nitsal,id384
385.0,F_Nitsb1_a_857368_id385,F_Nitsb1_beta_1242285_id385,F_Nitsb1_c_1341453_id385,F_Nitsb1_alpha_1244604_id385,F,Nitsb1,id385
386.0,F_Nitham_a_297316_id386,F_Nitham_beta_584252_id386,F_Nitham_c_297030_id386,F_Nitham_alpha_587216_id386,F,Nitham,id386
387.0,N_Nithal_a_2318985_id387,N_Nithal_beta_2320351_id387,N_Nithal_c_2318706_id387,N_Nithal_alpha_2316406_id387,N,Nithal,id387
388.0,N_Nithal_a_1966103_id388,N_Nithal_beta_2012641_id388,N_Nithal_c_1965825_id388,N_Nithal_alpha_1963524_id388,N,Nithal,id388
389.0,F_Nithal_a_4069933_id389,F_Nithal_beta_4064611_id389,F_Nithal_c_4069587_id389,F_Nithal_alpha_4066941_id389,F,Nithal,id389
390.0,N_Nitis7_a_57906_id390,N_Nitis7_beta_55463_id390,N_Nitis7_c_58632_id390,N_Nitis7_alpha_59960_id390,N,Nitis7,id390
391.0,F_Nitis7_a_395565_id391,F_Nitis7_beta_400227_id391,F_Nitis7_c_396431_id391,F_Nitis7_alpha_397766_id391,F,Nitis7,id391
392.0,N_Nitmul_a_1895790_id392,N_Nitmul_beta_1897884_id392,N_Nitmul_c_1895499_id392,N_Nitmul_alpha_1892977_id392,N,Nitmul,id392
393.0,F_Nitmul_a_327902_id393,F_Nitmul_beta_332555_id393,F_Nitmul_c_328762_id393,F_Nitmul_alpha_330098_id393,F,Nitmul,id393
394.0,F_Nocbra_a_1437812_id394,F_Nocbra_beta_1443175_id394,F_Nocbra_c_1438664_id394,F_Nocbra_alpha_1440398_id394,F,Nocbra,id394
395.0,F_Nocjs6_a_1867220_id395,F_Nocjs6_beta_1872393_id395,F_Nocjs6_c_1868131_id395,F_Nocjs6_alpha_1869831_id395,F,Nocjs6,id395
396.0,F_Nocalb_a_3337866_id396,F_Nocalb_beta_3343109_id396,F_Nocalb_c_3338821_id396,F_Nocalb_alpha_3340539_id396,F,Nocalb,id396
397.0,F_Perdok_a_1454563_id397,F_Perdok_beta_1305136_id397,F_Perdok_c_1454352_id397,F_Perdok_alpha_1451541_id397,F,Perdok,id397
398.0,F_Nospun_a_6017694_id398,F_Nospun_beta_5494931_id398,F_Nospun_c_6018605_id398,F_Nospun_alpha_6020998_id398,F,Nospun,id398
399.0,F_Nos712_a_8324_id399,F_Nos712_beta_6010081_id399,F_Nos712_c_7996_id399,F_Nos712_alpha_4454_id399,F,Nos712,id399
400.0,F_Novpp1_a_1478457_id400,F_Novpp1_beta_2928874_id400,F_Novpp1_c_1479279_id400,F_Novpp1_alpha_2926378_id400,F,Novpp1,id400
401.0,F_Ocegk1_a_463566_id401,F_Ocegk1_beta_468193_id401,F_Ocegk1_c_464407_id401,F_Ocegk1_alpha_465711_id401,F,Ocegk1,id401
402.0,F_Oceihe_a_3090751_id402,F_Oceihe_beta_3085376_id402,F_Oceihe_c_3090499_id402,F_Oceihe_alpha_3087762_id402,F,Oceihe,id402
403.0,F_Ochant_a_532229_id403,F_Ochant_beta_1158452_id403,F_Ochant_c_533046_id403,F_Ochant_alpha_1156004_id403,F,Ochant,id403
404.0,F_Octarc_a_3792140_id404,F_Octarc_beta_553308_id404,F_Octarc_c_3791848_id404,F_Octarc_alpha_550861_id404,F,Octarc,id404
405.0,F_Odospl_a_1764919_id405,F_Odospl_beta_1766342_id405,F_Odospl_c_1764617_id405,F_Odospl_alpha_1761922_id405,F,Odospl,id405
406.0,F_Oenoen_a_623740_id406,F_Oenoen_beta_628315_id406,F_Oenoen_c_624505_id406,F_Oenoen_alpha_625827_id406,F,Oenoen,id406
407.0,F_Olicar_a_686870_id407,F_Olicar_beta_589076_id407,F_Olicar_c_686596_id407,F_Olicar_alpha_586081_id407,F,Olicar,id407
408.0,F_Olsuli_a_148566_id408,F_Olsuli_beta_153337_id408,F_Olsuli_c_149458_id408,F_Olsuli_alpha_150761_id408,F,Olsuli,id408
409.0,F_Opiter_a_1083084_id409,F_Opiter_beta_1077816_id409,F_Opiter_c_1082803_id409,F_Opiter_alpha_1080187_id409,F,Opiter,id409
410.0,F_Oritsu_a_401242_id410,F_Oritsu_beta_600611_id410,F_Oritsu_c_400962_id410,F_Oritsu_alpha_1014660_id410,F,Oritsu,id410
411.0,F_Ornrhi_a_451548_id411,F_Ornrhi_beta_1623429_id411,F_Ornrhi_c_451314_id411,F_Ornrhi_alpha_448551_id411,F,Ornrhi,id411
412.0,F_Oscpcc_a_2130589_id412,F_Oscpcc_beta_1817226_id412,F_Oscpcc_c_2131485_id412,F_Oscpcc_alpha_2133507_id412,F,Oscpcc,id412
413.0,F_Owehon_a_2646194_id413,F_Owehon_beta_3220127_id413,F_Owehon_c_2647352_id413,F_Owehon_alpha_2648744_id413,F,Owehon,id413
414.0,F_Paemuc_a_44755_id414,F_Paemuc_beta_49640_id414,F_Paemuc_c_45622_id414,F_Paemuc_alpha_47015_id414,F,Paemuc,id414
415.0,F_Palpro_a_2961775_id415,F_Palpro_beta_2959536_id415,F_Palpro_c_2962983_id415,F_Palpro_alpha_2964550_id415,F,Palpro,id415
416.0,F_Panpno_a_5202553_id416,F_Panpno_beta_5207511_id416,F_Panpno_c_5203486_id416,F_Panpno_alpha_5204932_id416,F,Panpno,id416
417.0,F_Panat9_a_4343815_id417,F_Panat9_beta_4348554_id417,F_Panat9_c_4344684_id417,F_Panat9_alpha_4346063_id417,F,Panat9,id417
418.0,F_Pardis_a_295000_id418,F_Pardis_beta_296710_id418,F_Pardis_c_294683_id418,F_Pardis_alpha_292032_id418,F,Pardis,id418
419.0,F_Paraca_a_2580745_id419,F_Paraca_beta_2575679_id419,F_Paraca_c_2580497_id419,F_Paraca_alpha_2577948_id419,F,Paraca,id419
420.0,F_Parden_a_44268_id420,F_Parden_beta_957857_id420,F_Parden_c_43975_id420,F_Parden_alpha_955419_id420,F,Parden,id420
421.0,F_Parlav_a_756881_id421,F_Parlav_beta_1597849_id421,F_Parlav_c_756561_id421,F_Parlav_alpha_1595370_id421,F,Parlav,id421
422.0,F_Parber_a_348678_id422,F_Parber_beta_979950_id422,F_Parber_c_349584_id422,F_Parber_alpha_976315_id422,F,Parber,id422
423.0,F_Pasmul_a_1680681_id423,F_Pasmul_beta_1685351_id423,F_Pasmul_c_1681532_id423,F_Pasmul_alpha_1682896_id423,F,Pasmul,id423
424.0,F_Pecscc_a_5085740_id424,F_Pecscc_beta_5090429_id424,F_Pecscc_c_5086590_id424,F_Pecscc_alpha_5087924_id424,F,Pecscc,id424
425.0,F_Pedcla_a_676438_id425,F_Pedcla_beta_681040_id425,F_Pedcla_c_677187_id425,F_Pedcla_alpha_678518_id425,F,Pedcla,id425
426.0,F_Pedhep_a_466061_id426,F_Pedhep_beta_4067497_id426,F_Pedhep_c_467225_id426,F_Pedhep_alpha_468664_id426,F,Pedhep,id426
427.0,F_Pelhal_a_506855_id427,F_Pelhal_beta_3162155_id427,F_Pelhal_c_506580_id427,F_Pelhal_alpha_3164597_id427,F,Pelhal,id427
428.0,N_Pelpro_a_894693_id428,N_Pelpro_beta_896095_id428,N_Pelpro_c_894430_id428,N_Pelpro_alpha_892179_id428,N,Pelpro,id428
429.0,F_Pelpro_a_636313_id429,F_Pelpro_beta_641488_id429,F_Pelpro_c_637080_id429,F_Pelpro_alpha_639057_id429,F,Pelpro,id429
430.0,F_Pelpro_a_1607088_id430,F_Pelpro_beta_1612331_id430,F_Pelpro_c_1607853_id430,F_Pelpro_alpha_1609900_id430,F,Pelpro,id430
431.0,F_Pelpha_a_2968814_id431,F_Pelpha_beta_45287_id431,F_Pelpha_c_2968473_id431,F_Pelpha_alpha_2798125_id431,F,Pelpha,id431
432.0,F_Pelthe_a_2923506_id432,F_Pelthe_beta_2917941_id432,F_Pelthe_c_2923172_id432,F_Pelthe_alpha_2920377_id432,F,Pelthe,id432
433.0,F_Clodif_a_4064229_id433,F_Clodif_beta_4058906_id433,F_Clodif_c_4063900_id433,F_Clodif_alpha_4061219_id433,F,Clodif,id433
434.0,N_Permar_a_1648336_id434,N_Permar_beta_1643618_id434,N_Permar_c_1648054_id434,N_Permar_alpha_1645815_id434,N,Permar,id434
435.0,F_Permar_a_173407_id435,F_Permar_beta_165186_id435,F_Permar_c_174476_id435,F_Permar_alpha_162757_id435,F,Permar,id435
436.0,F_Petmob_a_803689_id436,F_Petmob_beta_798478_id436,F_Petmob_c_803353_id436,F_Petmob_alpha_800736_id436,F,Petmob,id436
437.0,F_Phagal_a_215207_id437,F_Phagal_beta_897390_id437,F_Phagal_c_216068_id437,F_Phagal_alpha_894935_id437,F,Phagal,id437
438.0,F_Phezuc_a_620064_id438,F_Phezuc_beta_240415_id438,F_Phezuc_c_620902_id438,F_Phezuc_alpha_237959_id438,F,Phezuc,id438
439.0,F_Phopro_a_152708_id439,F_Phopro_beta_157443_id439,F_Phopro_c_153564_id439,F_Phopro_alpha_154930_id439,F,Phopro,id439
440.0,F_Phopro_a_4079423_id440,F_Phopro_beta_4074092_id440,F_Phopro_c_4079097_id440,F_Phopro_alpha_4076442_id440,F,Phopro,id440
441.0,F_Pholum_a_40123_id441,F_Pholum_beta_34860_id441,F_Pholum_c_39830_id441,F_Pholum_alpha_37199_id441,F,Pholum,id441
442.0,F_Phymik_a_212903_id442,F_Phymik_beta_3612175_id442,F_Phymik_c_214260_id442,F_Phymik_alpha_216319_id442,F,Phymik,id442
443.0,F_Pirsta_a_5742118_id443,F_Pirsta_beta_5749179_id443,F_Pirsta_c_5743892_id443,F_Pirsta_alpha_5746118_id443,F,Pirsta,id443
444.0,F_Plabra_a_1369068_id444,F_Plabra_beta_1374524_id444,F_Plabra_c_1370064_id444,F_Plabra_alpha_1371926_id444,F,Plabra,id444
445.0,F_Plepcc_a_1866705_id445,F_Plepcc_beta_368760_id445,F_Plepcc_c_1866240_id445,F_Plepcc_alpha_1862880_id445,F,Plepcc,id445
446.0,F_Polmed_a_1887291_id446,F_Polmed_beta_2420290_id446,F_Polmed_c_1887064_id446,F_Polmed_alpha_1884309_id446,F,Polmed,id446
447.0,F_Poljs6_a_344319_id447,F_Poljs6_beta_349148_id447,F_Poljs6_c_345269_id447,F_Poljs6_alpha_346624_id447,F,Poljs6,id447
448.0,F_Polgil_a_3627333_id448,F_Polgil_beta_4523631_id448,F_Polgil_c_3627039_id448,F_Polgil_alpha_4526000_id448,F,Polgil,id448
449.0,F_Polnec_a_19568_id449,F_Polnec_beta_24357_id449,F_Polnec_c_20489_id449,F_Polnec_alpha_21873_id449,F,Polnec,id449
450.0,F_Prerum_a_1415454_id450,F_Prerum_beta_1417199_id450,F_Prerum_c_1415143_id450,F_Prerum_alpha_1412432_id450,F,Prerum,id450
451.0,F_Promar_a_476019_id451,F_Promar_beta_493629_id451,F_Promar_c_476792_id451,F_Promar_alpha_478875_id451,F,Promar,id451
452.0,F_Proaci_a_2054762_id452,F_Proaci_beta_2048962_id452,F_Proaci_c_2054463_id452,F_Proaci_alpha_2051349_id452,F,Proaci,id452
453.0,N_Proaes_a_976466_id453,N_Proaes_beta_973972_id453,N_Proaes_c_977174_id453,N_Proaes_alpha_978246_id453,N,Proaes,id453
454.0,F_Proaes_a_2425248_id454,F_Proaes_beta_53215_id454,F_Proaes_c_2424906_id454,F_Proaes_alpha_272041_id454,F,Proaes,id454
455.0,F_Promir_a_3361826_id455,F_Promir_beta_3366525_id455,F_Promir_c_3362696_id455,F_Promir_alpha_3364028_id455,F,Promir,id455
456.0,F_Prostu_a_2205279_id456,F_Prostu_beta_2209948_id456,F_Prostu_c_2206144_id456,F_Prostu_alpha_2207454_id456,F,Prostu,id456
457.0,F_Psepcc_a_2902173_id457,F_Psepcc_beta_1141445_id457,F_Psepcc_c_2903108_id457,F_Psepcc_alpha_2905647_id457,F,Psepcc,id457
458.0,N_Pseatl_a_3256067_id458,N_Pseatl_beta_3253372_id458,N_Pseatl_c_3256786_id458,N_Pseatl_alpha_3258045_id458,N,Pseatl,id458
459.0,F_Pseatl_a_5173164_id459,F_Pseatl_beta_5167916_id459,F_Pseatl_c_5172862_id459,F_Pseatl_alpha_5170249_id459,F,Pseatl,id459
460.0,N_Psenh8_a_2593253_id460,N_Psenh8_beta_2591189_id460,N_Psenh8_c_2593948_id460,N_Psenh8_alpha_2594980_id460,N,Psenh8,id460
461.0,F_Psenh8_a_3980328_id461,F_Psenh8_beta_3975018_id461,F_Psenh8_c_3979982_id461,F_Psenh8_alpha_3977364_id461,F,Psenh8,id461
462.0,F_Pseaer_a_6253542_id462,F_Pseaer_beta_6248278_id462,F_Pseaer_c_6253235_id462,F_Pseaer_alpha_6250596_id462,F,Pseaer,id462
463.0,F_Psedio_a_1767203_id463,F_Psedio_beta_1772971_id463,F_Psedio_c_1768045_id463,F_Psedio_alpha_1770316_id463,F,Psedio,id463
464.0,F_Psefob_a_1689172_id464,F_Psefob_beta_657125_id464,F_Psefob_c_1690013_id464,F_Psefob_alpha_654649_id464,F,Psefob,id464
465.0,F_Psespa_a_3015423_id465,F_Psespa_beta_3009764_id465,F_Psespa_c_3015084_id465,F_Psespa_alpha_3012238_id465,F,Psespa,id465
466.0,F_Psyg___a_2896193_id466,F_Psyg___beta_2890423_id466,F_Psyg___c_2895911_id466,F_Psyg___alpha_2893050_id466,F,Psyg__,id466
467.0,F_Psytor_a_2127039_id467,F_Psytor_beta_1627030_id467,F_Psytor_c_2128155_id467,F_Psytor_alpha_2129534_id467,F,Psytor,id467
468.0,N_Psying_a_590581_id468,N_Psying_beta_587411_id468,N_Psying_c_591305_id468,N_Psying_alpha_592449_id468,N,Psying,id468
469.0,F_Psying_a_4552528_id469,F_Psying_beta_4547272_id469,F_Psying_c_4552223_id469,F_Psying_alpha_4549615_id469,F,Psying,id469
470.0,F_Pust77_a_2603223_id470,F_Pust77_beta_2597662_id470,F_Pust77_c_2602878_id470,F_Pust77_alpha_2600143_id470,F,Pust77,id470
471.0,F_Rahy96_a_4834492_id471,F_Rahy96_beta_4839169_id471,F_Rahy96_c_4835324_id471,F_Rahy96_alpha_4836660_id471,F,Rahy96,id471
472.0,F_Ralsol_a_3585422_id472,F_Ralsol_beta_3579965_id472,F_Ralsol_c_3585075_id472,F_Ralsol_alpha_3582345_id472,F,Ralsol,id472
473.0,F_Ramtat_a_356846_id473,F_Ramtat_beta_361589_id473,F_Ramtat_c_357788_id473,F_Ramtat_alpha_359123_id473,F,Ramtat,id473
474.0,F_Raoorn_a_4110211_id474,F_Raoorn_beta_4114881_id474,F_Raoorn_c_4111074_id474,F_Raoorn_alpha_4112399_id474,F,Raoorn,id474
475.0,F_Rensal_a_1234318_id475,F_Rensal_beta_1239623_id475,F_Rensal_c_1235203_id475,F_Rensal_alpha_1236924_id475,F,Rensal,id475
476.0,F_Rhileg_a_997624_id476,F_Rhileg_beta_4684863_id476,F_Rhileg_c_998444_id476,F_Rhileg_alpha_4687236_id476,F,Rhileg,id476
477.0,F_Rho2ap_a_4035379_id477,F_Rho2ap_beta_4029750_id477,F_Rho2ap_c_4035017_id477,F_Rho2ap_alpha_4032295_id477,F,Rho2ap,id477
478.0,N_Rhosph_a_49269_id478,N_Rhosph_beta_51005_id478,N_Rhosph_c_49021_id478,N_Rhosph_alpha_46829_id478,N,Rhosph,id478
479.0,F_Rhosph_a_2473711_id479,F_Rhosph_beta_617785_id479,F_Rhosph_c_2473422_id479,F_Rhosph_alpha_615337_id479,F,Rhosph,id479
480.0,F_Rhojos_a_1559012_id480,F_Rhojos_beta_1553093_id480,F_Rhojos_c_1558681_id480,F_Rhojos_alpha_1555577_id480,F,Rhojos,id480
481.0,F_Rhovan_a_1690477_id481,F_Rhovan_beta_3562952_id481,F_Rhovan_c_1691345_id481,F_Rhovan_alpha_3560208_id481,F,Rhovan,id481
482.0,N_Rhobal_a_2526614_id482,N_Rhobal_beta_2524065_id482,N_Rhobal_c_2527382_id482,N_Rhobal_alpha_2528481_id482,N,Rhobal,id482
483.0,F_Rhobal_a_5513878_id483,F_Rhobal_beta_5519560_id483,F_Rhobal_c_5515135_id483,F_Rhobal_alpha_5516975_id483,F,Rhobal,id483
484.0,F_Rhopal_a_938761_id484,F_Rhopal_beta_194774_id484,F_Rhopal_c_938485_id484,F_Rhopal_alpha_197295_id484,F,Rhopal,id484
485.0,N_Rhocen_a_381706_id485,N_Rhocen_beta_379211_id485,N_Rhocen_c_382384_id485,N_Rhocen_alpha_383366_id485,N,Rhocen,id485
486.0,F_Rhocen_a_3625080_id486,F_Rhocen_beta_2308039_id486,F_Rhocen_c_3625898_id486,F_Rhocen_alpha_2310508_id486,F,Rhocen,id486
487.0,F_Rhomar_a_336639_id487,F_Rhomar_beta_75901_id487,F_Rhomar_c_337901_id487,F_Rhomar_alpha_339343_id487,F,Rhomar,id487
488.0,F_Riccon_a_27598_id488,F_Riccon_beta_1141337_id488,F_Riccon_c_27178_id488,F_Riccon_alpha_1144035_id488,F,Riccon,id488
489.0,F_Ricpro_a_22432_id489,F_Ricpro_beta_1006824_id489,F_Ricpro_c_22174_id489,F_Ricpro_alpha_1009310_id489,F,Ricpro,id489
490.0,F_Rieana_a_1685099_id490,F_Rieana_beta_168183_id490,F_Rieana_c_1686169_id490,F_Rieana_alpha_1687529_id490,F,Rieana,id490
491.0,F_Rivpcc_a_4573706_id491,F_Rivpcc_beta_3043250_id491,F_Rivpcc_c_4574621_id491,F_Rivpcc_alpha_4577345_id491,F,Rivpcc,id491
492.0,F_Robbif_a_705057_id492,F_Robbif_beta_1036266_id492,F_Robbif_c_704819_id492,F_Robbif_alpha_702069_id492,F,Robbif,id492
493.0,F_Rosint_a_3152305_id493,F_Rosint_beta_3157038_id493,F_Rosint_c_3153166_id493,F_Rosint_alpha_3154546_id493,F,Rosint,id493
494.0,F_Rosrs1_a_651142_id494,F_Rosrs1_beta_645804_id494,F_Rosrs1_c_650825_id494,F_Rosrs1_alpha_648152_id494,F,Rosrs1,id494
495.0,F_Roslit_a_3522101_id495,F_Roslit_beta_2789366_id495,F_Roslit_c_3521821_id495,F_Roslit_alpha_2791700_id495,F,Roslit,id495
496.0,F_Rotden_a_1910664_id496,F_Rotden_beta_1916060_id496,F_Rotden_c_1911588_id496,F_Rotden_alpha_1913355_id496,F,Rotden,id496
497.0,F_Rubgel_a_236457_id497,F_Rubgel_beta_231126_id497,F_Rubgel_c_236122_id497,F_Rubgel_alpha_233446_id497,F,Rubgel,id497
498.0,F_Rubxyl_a_1669215_id498,F_Rubxyl_beta_1663771_id498,F_Rubxyl_c_1668884_id498,F_Rubxyl_alpha_1666204_id498,F,Rubxyl,id498
499.0,F_Ruepom_a_3440504_id499,F_Ruepom_beta_3368292_id499,F_Ruepom_c_3440203_id499,F_Ruepom_alpha_3370624_id499,F,Ruepom,id499
500.0,F_Rumalb_a_304095_id500,F_Rumalb_beta_298752_id500,F_Rumalb_c_303759_id500,F_Rumalb_alpha_301093_id500,F,Rumalb,id500
501.0,F_Runsli_a_180634_id501,F_Runsli_beta_1841239_id501,F_Runsli_c_180312_id501,F_Runsli_alpha_1118412_id501,F,Runsli,id501
502.0,F_Sacvir_a_3199686_id502,F_Sacvir_beta_3193815_id502,F_Sacvir_c_3199333_id502,F_Sacvir_alpha_3196198_id502,F,Sacvir,id502
503.0,F_Sacdeg_a_5003330_id503,F_Sacdeg_beta_4998034_id503,F_Sacdeg_c_5003016_id503,F_Sacdeg_alpha_5000366_id503,F,Sacdeg,id503
504.0,F_Sacery_a_7036797_id504,F_Sacery_beta_7030952_id504,F_Sacery_c_7036472_id504,F_Sacery_alpha_7033326_id504,F,Sacery,id504
505.0,F_Sacesp_a_8132210_id505,F_Sacesp_beta_8126425_id505,F_Sacesp_c_8131897_id505,F_Sacesp_alpha_8128773_id505,F,Sacesp,id505
506.0,F_Salrub_a_1265454_id506,F_Salrub_beta_3105382_id506,F_Salrub_c_1266792_id506,F_Salrub_alpha_1268527_id506,F,Salrub,id506
507.0,F_Salare_a_4569996_id507,F_Salare_beta_4564099_id507,F_Salare_c_4569625_id507,F_Salare_alpha_4566489_id507,F,Salare,id507
508.0,F_Salent_a_4079352_id508,F_Salent_beta_4074111_id508,F_Salent_c_4079066_id508,F_Salent_alpha_4076434_id508,F,Salent,id508
509.0,F_Sanked_a_1153035_id509,F_Sanked_beta_1158406_id509,F_Sanked_c_1154054_id509,F_Sanked_alpha_1155774_id509,F,Sanked,id509
510.0,F_Sapgra_a_2379703_id510,F_Sapgra_beta_2006774_id510,F_Sapgra_c_2381024_id510,F_Sapgra_alpha_2382436_id510,F,Sapgra,id510
511.0,F_Sebter_a_210032_id511,F_Sebter_beta_214801_id511,F_Sebter_c_211092_id511,F_Sebter_alpha_212403_id511,F,Sebter,id511
512.0,F_Segrot_a_677920_id512,F_Segrot_beta_683660_id512,F_Segrot_c_678788_id512,F_Segrot_alpha_681029_id512,F,Segrot,id512
513.0,F_Selrum_a_404171_id513,F_Selrum_beta_408653_id513,F_Selrum_c_404890_id513,F_Selrum_alpha_406243_id513,F,Selrum,id513
514.0,F_Serply_a_5438658_id514,F_Serply_beta_5443309_id514,F_Serply_c_5439484_id514,F_Serply_alpha_5440812_id514,F,Serply,id514
515.0,F_Sheone_a_4963909_id515,F_Sheone_beta_4958634_id515,F_Sheone_c_4963587_id515,F_Sheone_alpha_4960972_id515,F,Sheone,id515
516.0,F_Shidys_a_3692894_id516,F_Shidys_beta_3697570_id516,F_Shidys_c_3693756_id516,F_Shidys_alpha_3695088_id516,F,Shidys,id516
517.0,F_Sidlit_a_2994280_id517,F_Sidlit_beta_2988921_id517,F_Sidlit_c_2993983_id517,F_Sidlit_alpha_2991359_id517,F,Sidlit,id517
518.0,F_Simaga_a_2759016_id518,F_Simaga_beta_2763843_id518,F_Simaga_c_2759993_id518,F_Simaga_alpha_2761336_id518,F,Simaga,id518
519.0,N_Sinaci_a_2506768_id519,N_Sinaci_beta_2504238_id519,N_Sinaci_c_2507470_id519,N_Sinaci_alpha_2508648_id519,N,Sinaci,id519
520.0,F_Sinaci_a_8670352_id520,F_Sinaci_beta_8675997_id520,F_Sinaci_c_8671320_id520,F_Sinaci_alpha_8673075_id520,F,Sinaci,id520
521.0,F_Sinmel_a_916938_id521,F_Sinmel_beta_3291142_id521,F_Sinmel_c_917775_id521,F_Sinmel_alpha_3293593_id521,F,Sinmel,id521
522.0,F_Slahel_a_2383155_id522,F_Slahel_beta_2377628_id522,F_Slahel_c_2382806_id522,F_Slahel_alpha_2380011_id522,F,Slahel,id522
523.0,F_Sodglo_a_4131466_id523,F_Sodglo_beta_4136151_id523,F_Sodglo_c_4132335_id523,F_Sodglo_alpha_4133663_id523,F,Sodglo,id523
524.0,F_Solsil_a_3495453_id524,F_Solsil_beta_3489967_id524,F_Solsil_c_3495151_id524,F_Solsil_alpha_3492389_id524,F,Solsil,id524
525.0,F_Solcan_a_3884608_id525,F_Solcan_beta_3314119_id525,F_Solcan_c_3884314_id525,F_Solcan_alpha_3881467_id525,F,Solcan,id525
526.0,F_Sorcel_a_12875246_id526,F_Sorcel_beta_1041466_id526,F_Sorcel_c_12876373_id526,F_Sorcel_alpha_14773398_id526,F,Sorcel,id526
527.0,F_Sphthe_a_1569424_id527,F_Sphthe_beta_1563891_id527,F_Sphthe_c_1569075_id527,F_Sphthe_alpha_1566257_id527,F,Sphthe,id527
528.0,F_Sph21__a_6176963_id528,F_Sph21__beta_2807128_id528,F_Sph21__c_6176708_id528,F_Sph21__alpha_6173925_id528,F,Sph21_,id528
529.0,F_Sphjap_a_2281034_id529,F_Sphjap_beta_2693521_id529,F_Sphjap_c_2280753_id529,F_Sphjap_alpha_2690332_id529,F,Sphjap,id529
530.0,F_Sphwit_a_4929564_id530,F_Sphwit_beta_676744_id530,F_Sphwit_c_4930396_id530,F_Sphwit_alpha_674245_id530,F,Sphwit,id530
531.0,F_Sphala_a_1107705_id531,F_Sphala_beta_2412592_id531,F_Sphala_c_1108531_id531,F_Sphala_alpha_2410077_id531,F,Sphala,id531
532.0,F_Ectm19_a_1730179_id532,F_Ectm19_beta_1724907_id532,F_Ectm19_c_1729856_id532,F_Ectm19_alpha_1727232_id532,F,Ectm19,id532
533.0,F_Spiuah_a_1917405_id533,F_Spiuah_beta_1912117_id533,F_Spiuah_c_1917074_id533,F_Spiuah_alpha_1914444_id533,F,Spiuah,id533
534.0,F_Spichr_a_102751_id534,F_Spichr_beta_107527_id534,F_Spichr_c_103619_id534,F_Spichr_alpha_105059_id534,F,Spichr,id534
535.0,F_Spilin_a_3893964_id535,F_Spilin_beta_6267780_id535,F_Spilin_c_3893626_id535,F_Spilin_alpha_7915181_id535,F,Spilin,id535
536.0,F_Stanas_a_1389412_id536,F_Stanas_beta_1394536_id536,F_Stanas_c_1390279_id536,F_Stanas_alpha_1391953_id536,F,Stanas,id536
537.0,F_Stacya_a_3661411_id537,F_Stacya_beta_3343977_id537,F_Stacya_c_3661053_id537,F_Stacya_alpha_3657796_id537,F,Stacya,id537
538.0,F_Staaur_a_2160973_id538,F_Staaur_beta_2155599_id538,F_Staaur_c_2160718_id538,F_Staaur_alpha_2157930_id538,F,Staaur,id538
539.0,F_Stanov_a_4678738_id539,F_Stanov_beta_3663719_id539,F_Stanov_c_4679563_id539,F_Stanov_alpha_3666087_id539,F,Stanov,id539
540.0,F_Stemal_a_4223959_id540,F_Stemal_beta_4218476_id540,F_Stemal_c_4223580_id540,F_Stemal_alpha_4220881_id540,F,Stemal,id540
541.0,F_Stiaur_a_9871092_id541,F_Stiaur_beta_1144760_id541,F_Stiaur_c_9870723_id541,F_Stiaur_alpha_963828_id541,F,Stiaur,id541
542.0,F_Strmon_a_1122112_id542,F_Strmon_beta_1116985_id542,F_Strmon_c_1121859_id542,F_Strmon_alpha_1119293_id542,F,Strmon,id542
543.0,F_Strpne_a_1421424_id543,F_Strpne_beta_1416474_id543,F_Strpne_c_1422175_id543,F_Strpne_alpha_1418860_id543,F,Strpne,id543
544.0,F_Strpyo_a_614859_id544,F_Strpyo_beta_619200_id544,F_Strpyo_c_614627_id544,F_Strpyo_alpha_616639_id544,F,Strpyo,id544
545.0,F_Strbin_a_4862158_id545,F_Strbin_beta_4856360_id545,F_Strbin_c_4861832_id545,F_Strbin_alpha_4858737_id545,F,Strbin,id545
546.0,F_Strros_a_1780227_id546,F_Strros_beta_1785286_id546,F_Strros_c_1781083_id546,F_Strros_alpha_1782732_id546,F,Strros,id546
547.0,F_Sula01_a_754696_id547,F_Sula01_beta_759137_id547,F_Sula01_c_755423_id547,F_Sula01_alpha_756732_id547,F,Sula01,id547
548.0,N_Sulden_a_33593_id548,N_Sulden_beta_34943_id548,N_Sulden_c_33320_id548,N_Sulden_alpha_31116_id548,N,Sulden,id548
549.0,N_Sulden_a_700605_id549,N_Sulden_beta_702301_id549,N_Sulden_c_700299_id549,N_Sulden_alpha_697835_id549,N,Sulden,id549
550.0,F_Sulden_a_3121048_id550,F_Sulden_beta_3115867_id550,F_Sulden_c_3120770_id550,F_Sulden_alpha_3118174_id550,F,Sulden,id550
551.0,F_Sulkuj_a_813186_id551,F_Sulkuj_beta_751233_id551,F_Sulkuj_c_336471_id551,F_Sulkuj_alpha_748805_id551,F,Sulkuj,id551
552.0,F_Sulazo_a_484271_id552,F_Sulazo_beta_411405_id552,F_Sulazo_c_483491_id552,F_Sulazo_alpha_408982_id552,F,Sulazo,id552
553.0,F_Sulaut_a_1413151_id553,F_Sulaut_beta_759274_id553,F_Sulaut_c_1763543_id553,F_Sulaut_alpha_756844_id553,F,Sulaut,id553
554.0,F_Sulbar_a_1091530_id554,F_Sulbar_beta_529812_id554,F_Sulbar_c_618203_id554,F_Sulbar_alpha_527379_id554,F,Sulbar,id554
555.0,F_Sulnbc_a_1640853_id555,F_Sulnbc_beta_1825624_id555,F_Sulnbc_c_1938176_id555,F_Sulnbc_alpha_1827939_id555,F,Sulnbc,id555
556.0,F_Symthe_a_105020_id556,F_Symthe_beta_109785_id556,F_Symthe_c_105938_id556,F_Symthe_alpha_107349_id556,F,Symthe,id556
557.0,F_Synpcc_a_2246805_id557,F_Synpcc_beta_1373544_id557,F_Synpcc_c_2246436_id557,F_Synpcc_alpha_2243235_id557,F,Synpcc,id557
558.0,F_Synp01_a_176693_id558,F_Synp01_beta_1666932_id558,F_Synp01_c_176256_id558,F_Synp01_alpha_173014_id558,F,Synp01,id558
559.0,F_Synfum_a_1956731_id559,F_Synfum_beta_3195741_id559,F_Synfum_c_1956271_id559,F_Synfum_alpha_3198112_id559,F,Synfum,id559
560.0,F_Syngly_a_3315830_id560,F_Syngly_beta_3310511_id560,F_Syngly_c_3315514_id560,F_Syngly_alpha_3312822_id560,F,Syngly,id560
561.0,F_Synwol_a_2720220_id561,F_Synwol_beta_2714785_id561,F_Synwol_c_2719944_id561,F_Synwol_alpha_2717128_id561,F,Synwol,id561
562.0,F_Synlip_a_2311411_id562,F_Synlip_beta_2305964_id562,F_Synlip_c_2311120_id562,F_Synlip_alpha_2308306_id562,F,Synlip,id562
563.0,N_Synaci_a_3126257_id563,N_Synaci_beta_3128008_id563,N_Synaci_c_3125929_id563,N_Synaci_alpha_3123545_id563,N,Synaci,id563
564.0,F_Synaci_a_2397976_id564,F_Synaci_beta_633211_id564,F_Synaci_c_756382_id564,F_Synaci_alpha_630634_id564,F,Synaci,id564
565.0,F_Tanfor_a_710303_id565,F_Tanfor_beta_712094_id565,F_Tanfor_c_710011_id565,F_Tanfor_alpha_707228_id565,F,Tanfor,id565
566.0,F_Tayequ_a_782958_id566,F_Tayequ_beta_787794_id566,F_Tayequ_c_783972_id566,F_Tayequ_alpha_785289_id566,F,Tayequ,id566
567.0,F_Tertur_a_5175200_id567,F_Tertur_beta_5169785_id567,F_Tertur_c_5174872_id567,F_Tertur_alpha_5172210_id567,F,Tertur,id567
568.0,F_Terros_a_1842712_id568,F_Terros_beta_4576454_id568,F_Terros_c_1843500_id568,F_Terros_alpha_4579052_id568,F,Terros,id568
569.0,F_Tethal_a_1797893_id569,F_Tethal_beta_1792579_id569,F_Tethal_c_1797653_id569,F_Tethal_alpha_1794931_id569,F,Tethal,id569
570.0,F_Thaole_a_3890353_id570,F_Thaole_beta_3885089_id570,F_Thaole_c_3890077_id570,F_Thaole_alpha_3887445_id570,F,Thaole,id570
571.0,F_Thamz1_a_244434_id571,F_Thamz1_beta_249126_id571,F_Thamz1_c_245352_id571,F_Thamz1_alpha_246664_id571,F,Thamz1,id571
572.0,F_Thepha_a_2762142_id572,F_Thepha_beta_2756768_id572,F_Thepha_c_2761830_id572,F_Thepha_alpha_2759125_id572,F,Thepha,id572
573.0,F_Them01_a_186145_id573,F_Them01_beta_191195_id573,F_Them01_c_187006_id573,F_Them01_alpha_188503_id573,F,Them01,id573
574.0,F_Thepot_a_3027742_id574,F_Thepot_beta_3022370_id574,F_Thepot_c_3027452_id574,F_Thepot_alpha_3024753_id574,F,Thepot,id574
575.0,F_Thet01_a_635865_id575,F_Thet01_beta_640310_id575,F_Thet01_c_636590_id575,F_Thet01_alpha_637887_id575,F,Thet01,id575
576.0,F_Thet02_a_821296_id576,F_Thet02_beta_825756_id576,F_Thet02_c_822038_id576,F_Thet02_alpha_823328_id576,F,Thet02,id576
577.0,F_Thecom_a_4103013_id577,F_Thecom_beta_4097571_id577,F_Thecom_c_4102697_id577,F_Thecom_alpha_4100033_id577,F,Thecom,id577
578.0,F_Theter_a_69681_id578,F_Theter_beta_64208_id578,F_Theter_c_69324_id578,F_Theter_alpha_66605_id578,F,Theter,id578
579.0,F_Thefus_a_2833992_id579,F_Thefus_beta_2828196_id579,F_Thefus_c_2833676_id579,F_Thefus_alpha_2830562_id579,F,Thefus,id579
580.0,F_Thebis_a_1019686_id580,F_Thebis_beta_1024748_id580,F_Thebis_c_1020557_id580,F_Thebis_alpha_1022191_id580,F,Thebis,id580
581.0,F_Thealb_a_1105020_id581,F_Thealb_beta_1210081_id581,F_Thealb_c_1104685_id581,F_Thealb_alpha_1112385_id581,F,Thealb,id581
582.0,F_Theind_a_1368724_id582,F_Theind_beta_1395551_id582,F_Theind_c_1369555_id582,F_Theind_alpha_1393059_id582,F,Theind,id582
583.0,F_Theopb_a_864058_id583,F_Theopb_beta_1548868_id583,F_Theopb_c_864885_id583,F_Theopb_alpha_1551246_id583,F,Theopb,id583
584.0,F_Thenar_a_574008_id584,F_Thenar_beta_578540_id584,F_Thenar_c_574823_id584,F_Thenar_alpha_576153_id584,F,Thenar,id584
585.0,F_Theyel_a_1466633_id585,F_Theyel_beta_242605_id585,F_Theyel_c_1466272_id585,F_Theyel_alpha_240141_id585,F,Theyel,id585
586.0,F_Theros_a_1219326_id586,F_Theros_beta_1213936_id586,F_Theros_c_1219016_id586,F_Theros_alpha_1216293_id586,F,Theros,id586
587.0,F_Thecur_a_4467470_id587,F_Thecur_beta_4461524_id587,F_Thecur_c_4467179_id587,F_Thecur_alpha_4463864_id587,F,Thecur,id587
588.0,F_Theoce_a_2036697_id588,F_Theoce_beta_2031464_id588,F_Theoce_c_2036409_id588,F_Theoce_alpha_2033780_id588,F,Theoce,id588
589.0,F_Theafr_a_573638_id589,F_Theafr_beta_578183_id589,F_Theafr_c_574505_id589,F_Theafr_alpha_575809_id589,F,Theafr,id589
590.0,F_Theelo_a_427060_id590,F_Theelo_beta_524306_id590,F_Theelo_c_427851_id590,F_Theelo_alpha_429766_id590,F,Theelo,id590
591.0,F_Themar_a_1603823_id591,F_Themar_beta_1598727_id591,F_Themar_c_1603552_id591,F_Themar_alpha_1600988_id591,F,Themar,id591
592.0,F_Theamm_a_1565700_id592,F_Theamm_beta_1621296_id592,F_Theamm_c_1566425_id592,F_Theamm_alpha_1618898_id592,F,Theamm,id592
593.0,F_Thicyc_a_1851141_id593,F_Thicyc_beta_1845820_id593,F_Thicyc_c_1850740_id593,F_Thicyc_alpha_1848110_id593,F,Thicyc,id593
594.0,F_Thinit_a_3847730_id594,F_Thinit_beta_3852466_id594,F_Thinit_c_3848658_id594,F_Thinit_alpha_3849980_id594,F,Thinit,id594
595.0,F_Thiden_a_2884201_id595,F_Thiden_beta_2878903_id595,F_Thiden_c_2883897_id595,F_Thiden_alpha_2881233_id595,F,Thiden,id595
596.0,F_Thivio_a_2851645_id596,F_Thivio_beta_2846094_id596,F_Thivio_c_2851257_id596,F_Thivio_alpha_2848600_id596,F,Thivio,id596
597.0,F_Thimob_a_1266243_id597,F_Thimob_beta_1271089_id597,F_Thimob_c_1267134_id597,F_Thimob_alpha_1268456_id597,F,Thimob,id597
598.0,F_Thicru_a_2392635_id598,F_Thicru_beta_2387282_id598,F_Thicru_c_2392207_id598,F_Thicru_alpha_2389571_id598,F,Thicru,id598
599.0,F_Thi3as_a_3222447_id599,F_Thi3as_beta_3217091_id599,F_Thi3as_c_3222128_id599,F_Thi3as_alpha_3219491_id599,F,Thi3as,id599
600.0,N_Tismob_a_1834191_id600,N_Tismob_beta_1831718_id600,N_Tismob_c_1834922_id600,N_Tismob_alpha_1835914_id600,N,Tismob,id600
601.0,F_Tismob_a_3080135_id601,F_Tismob_beta_3297949_id601,F_Tismob_c_3080986_id601,F_Tismob_alpha_3300515_id601,F,Tismob,id601
602.0,F_Tolaue_a_3437223_id602,F_Tolaue_beta_3432008_id602,F_Tolaue_c_3436951_id602,F_Tolaue_alpha_3434337_id602,F,Tolaue,id602
603.0,F_Triery_a_3433933_id603,F_Triery_beta_5189811_id603,F_Triery_c_3433474_id603,F_Triery_alpha_3430009_id603,F,Triery,id603
604.0,F_Trowhi_a_522730_id604,F_Trowhi_beta_516999_id604,F_Trowhi_c_522459_id604,F_Trowhi_alpha_519502_id604,F,Trowhi,id604
605.0,F_Tsupau_a_1283543_id605,F_Tsupau_beta_1289121_id605,F_Tsupau_c_1284373_id605,F_Tsupau_alpha_1286555_id605,F,Tsupau,id605
606.0,F_Turpar_a_2534970_id606,F_Turpar_beta_2539845_id606,F_Turpar_c_2536013_id606,F_Turpar_alpha_2537415_id606,F,Turpar,id606
607.0,F_Urepar_a_177344_id607,F_Urepar_beta_169937_id607,F_Urepar_c_176966_id607,F_Urepar_alpha_173026_id607,F,Urepar,id607
608.0,F_Varpar_a_5332633_id608,F_Varpar_beta_5327190_id608,F_Varpar_c_5332309_id608,F_Varpar_alpha_5329620_id608,F,Varpar,id608
609.0,F_Veipar_a_1749901_id609,F_Veipar_beta_1744722_id609,F_Veipar_c_1749650_id609,F_Veipar_alpha_1747023_id609,F,Veipar,id609
610.0,F_Vereis_a_539664_id610,F_Vereis_beta_544542_id610,F_Vereis_c_540567_id610,F_Vereis_alpha_541976_id610,F,Vereis,id610
611.0,F_Vermar_a_5575092_id611,F_Vermar_beta_5569268_id611,F_Vermar_c_5574775_id611,F_Vermar_alpha_5571652_id611,F,Vermar,id611
612.0,F_Vibcho_a_2955423_id612,F_Vibcho_beta_2950126_id612,F_Vibcho_c_2955122_id612,F_Vibcho_alpha_2952475_id612,F,Vibcho,id612
613.0,F_Wadcho_a_1200141_id613,F_Wadcho_beta_1204597_id613,F_Wadcho_c_1200969_id613,F_Wadcho_alpha_1202213_id613,F,Wadcho,id613
614.0,F_Weevir_a_1270201_id614,F_Weevir_beta_925114_id614,F_Weevir_c_1271401_id614,F_Weevir_alpha_1272785_id614,F,Weevir,id614
615.0,F_Weikor_a_587489_id615,F_Weikor_beta_582211_id615,F_Weikor_c_587224_id615,F_Weikor_alpha_584558_id615,F,Weikor,id615
616.0,F_Wolcul_a_675255_id616,F_Wolcul_beta_1241974_id616,F_Wolcul_c_674968_id616,F_Wolcul_alpha_1267449_id616,F,Wolcul,id616
617.0,F_Wolwri_a_340212_id617,F_Wolwri_beta_195166_id617,F_Wolwri_c_339925_id617,F_Wolwri_alpha_537259_id617,F,Wolwri,id617
618.0,F_Wolsuc_a_313317_id618,F_Wolsuc_beta_512650_id618,F_Wolsuc_c_852472_id618,F_Wolsuc_alpha_510218_id618,F,Wolsuc,id618
619.0,F_Xanaut_a_2234440_id619,F_Xanaut_beta_2340353_id619,F_Xanaut_c_2234158_id619,F_Xanaut_alpha_2337863_id619,F,Xanaut,id619
620.0,F_Xanory_a_4687722_id620,F_Xanory_beta_4682028_id620,F_Xanory_c_4687347_id620,F_Xanory_alpha_4684636_id620,F,Xanory,id620
621.0,F_Xennem_a_33926_id621,F_Xennem_beta_28662_id621,F_Xennem_c_33638_id621,F_Xennem_alpha_31006_id621,F,Xennem,id621
622.0,F_Xylcel_a_2677402_id622,F_Xylcel_beta_2671572_id622,F_Xylcel_c_2677103_id622,F_Xylcel_alpha_2673998_id622,F,Xylcel,id622
623.0,F_Xylfas_a_1106826_id623,F_Xylfas_beta_1101298_id623,F_Xylfas_c_1106457_id623,F_Xylfas_alpha_1103738_id623,F,Xylfas,id623
624.0,F_Yerpes_a_4649048_id624,F_Yerpes_beta_4643660_id624,F_Yerpes_c_4648759_id624,F_Yerpes_alpha_4646123_id624,F,Yerpes,id624
625.0,N_Zobgal_a_4559079_id625,N_Zobgal_beta_4556569_id625,N_Zobgal_c_4559870_id625,N_Zobgal_alpha_4560916_id625,N,Zobgal,id625
626.0,F_Zobgal_a_2098177_id626,F_Zobgal_beta_1665093_id626,F_Zobgal_c_2099376_id626,F_Zobgal_alpha_2100816_id626,F,Zobgal,id626
627.0,F_Zunpro_a_63511_id627,F_Zunpro_beta_4863486_id627,F_Zunpro_c_64585_id627,F_Zunpro_alpha_66011_id627,F,Zunpro,id627
628.0,F_Zymmob_a_709869_id628,F_Zymmob_beta_1132876_id628,F_Zymmob_c_709594_id628,F_Zymmob_alpha_1135289_id628,F,Zymmob,id628
629.0,F_Divraa_a_285132_id629,F_Divraa_beta_277945_id629,F_Divraa_c_284661_id629,F_Divraa_alpha_282130_id629,F,Divraa,id629
630.0,F_Endeuc_a_969229_id630,F_Endeuc_beta_963819_id630,F_Endeuc_c_968940_id630,F_Endeuc_alpha_966142_id630,F,Endeuc,id630
700.0,F_Wigglo_a_2270_id700,F_Wigglo_beta_6893_id700,F_Wigglo_c_3113_id700,F_Wigglo_alpha_4420_id700,F,Wigglo,id700
701.0,F_Terrsd_a_676666_id701,F_Terrsd_beta_671824_id701,F_Terrsd_c_676463_id701,F_Terrsd_alpha_674059_id701,F,Terrsd,id701
702.0,F_Rosint_a_4042135_id702,F_Rosint_beta_4046579_id702,F_Rosint_c_4042917_id702,F_Rosint_alpha_4044156_id702,F,Rosint,id702
703.0,F_Meghyp_a_2162596_id703,F_Meghyp_beta_2157301_id703,F_Meghyp_c_2162232_id703,F_Meghyp_alpha_2159598_id703,F,Meghyp,id703
704.0,F_Lepbif_a_816567_id704,F_Lepbif_beta_821330_id704,F_Lepbif_c_817545_id704,F_Lepbif_alpha_818913_id704,F,Lepbif,id704
705.0,F_Gorpam_a_3291454_id705,F_Gorpam_beta_3285895_id705,F_Gorpam_c_3291089_id705,F_Gorpam_alpha_3288286_id705,F,Gorpam,id705
706.0,F_Esccol_a_3921235_id706,F_Esccol_beta_3915992_id706,F_Esccol_c_3920949_id706,F_Esccol_alpha_3918315_id706,F,Esccol,id706
707.0,F_Escc01_a_4714680_id707,F_Escc01_beta_4709437_id707,F_Escc01_c_4714394_id707,F_Escc01_alpha_4711760_id707,F,Escc01,id707
709.0,F_Carrud_a_2805_id709,F_Carrud_beta_6558_id709,F_Carrud_c_3499_id709,F_Carrud_alpha_4367_id709,F,Carrud,id709
711.0,N_Novpp1_a_605170_id711,N_Novpp1_beta_606888_id711,N_Novpp1_c_604938_id711,N_Novpp1_alpha_602647_id711,N,Novpp1,id711
800.0,F_Ilytar_a__id800,F_Ilytar_beta__id800,F_Ilytar_c__id800,F_Ilytar_alpha__id800,F,Ilytar,id800
801.0,F_Clopar_a__id801,F_Clopar_beta__id801,F_Clopar_c__id801,F_Clopar_alpha__id801,F,Clopar,id801
802.0,F_Promod_a__id802,F_Promod_beta__id802,F_Promod_c__id802,F_Promod_alpha__id802,F,Promod,id802
